SITE_NAME,DATE,VARIABLE,VALUE,UNIT,LOWER_GUIDELINE_RECOMMENDATION,UPPER_GUIDELINE_RECOMMENDATION
"SOUTH SASKATCHEWAN RIVER AT HWY 41,",12/2/2013,AMMONIA DISSOLVED,0.125,MG/L,,0.019
"SOUTH SASKATCHEWAN RIVER AT HWY 41,",12/2/2013,ARSENIC TOTAL,0.35,UG/L,,5
"SOUTH SASKATCHEWAN RIVER AT HWY 41,",12/2/2013,CHLORIDE DISSOLVED,13.8,MG/L,,120
"SOUTH SASKATCHEWAN RIVER AT HWY 41,",12/2/2013,COPPER TOTAL,0.97,UG/L,,4.429858
"SOUTH SASKATCHEWAN RIVER AT HWY 41,",12/2/2013,LEAD TOTAL,0.168,UG/L,,8.105035
"SOUTH SASKATCHEWAN RIVER AT HWY 41,",12/2/2013,NICKEL TOTAL,0.86,UG/L,,167.034488
"SOUTH SASKATCHEWAN RIVER AT HWY 41,",12/2/2013,NITROGEN TOTAL,1.433,MG/L,,1
"SOUTH SASKATCHEWAN RIVER AT HWY 41,",12/2/2013,OXYGEN DISSOLVED,12.37,MG/L,6.5,
"SOUTH SASKATCHEWAN RIVER AT HWY 41,",12/2/2013,PHOSPHORUS TOTAL,0.013,MG/L,,0.05
"SOUTH SASKATCHEWAN RIVER AT HWY 41,",12/2/2013,ZINC TOTAL,2.5,UG/L,,96.3435
"SOUTH SASKATCHEWAN RIVER AT HWY 41,",12/3/2013,AMMONIA DISSOLVED,0.01,MG/L,,0.019
"SOUTH SASKATCHEWAN RIVER AT HWY 41,",12/3/2013,ARSENIC TOTAL,0.34,UG/L,,5
"SOUTH SASKATCHEWAN RIVER AT HWY 41,",12/3/2013,CHLORIDE DISSOLVED,22.7,MG/L,,120
"SOUTH SASKATCHEWAN RIVER AT HWY 41,",12/3/2013,COPPER TOTAL,0.96,UG/L,,4.189144
"SOUTH SASKATCHEWAN RIVER AT HWY 41,",12/3/2013,LEAD TOTAL,0.227,UG/L,,7.457729
"SOUTH SASKATCHEWAN RIVER AT HWY 41,",12/3/2013,NICKEL TOTAL,0.9,UG/L,,158.937021
"SOUTH SASKATCHEWAN RIVER AT HWY 41,",12/3/2013,NITROGEN TOTAL,1.106,MG/L,,1
"SOUTH SASKATCHEWAN RIVER AT HWY 41,",12/3/2013,OXYGEN DISSOLVED,14.3,MG/L,6.5,
"SOUTH SASKATCHEWAN RIVER AT HWY 41,",12/3/2013,PHOSPHORUS TOTAL,0.017,MG/L,,0.05
"SOUTH SASKATCHEWAN RIVER AT HWY 41,",12/3/2013,ZINC TOTAL,3.2,UG/L,,86.448075
"SOUTH SASKATCHEWAN RIVER AT HWY 41,",3/4/2013,AMMONIA DISSOLVED,0.013,MG/L,,0.019
"SOUTH SASKATCHEWAN RIVER AT HWY 41,",3/4/2013,ARSENIC TOTAL,0.66,UG/L,,5
"SOUTH SASKATCHEWAN RIVER AT HWY 41,",3/4/2013,CHLORIDE DISSOLVED,21.2,MG/L,,120
"SOUTH SASKATCHEWAN RIVER AT HWY 41,",3/4/2013,COPPER TOTAL,2,UG/L,,3.401704
"SOUTH SASKATCHEWAN RIVER AT HWY 41,",3/4/2013,LEAD TOTAL,0.822,UG/L,,5.468767
"SOUTH SASKATCHEWAN RIVER AT HWY 41,",3/4/2013,NICKEL TOTAL,1.75,UG/L,,132.06779
"SOUTH SASKATCHEWAN RIVER AT HWY 41,",3/4/2013,NITROGEN TOTAL,1.099,MG/L,,1
"SOUTH SASKATCHEWAN RIVER AT HWY 41,",3/4/2013,OXYGEN DISSOLVED,13.51,MG/L,6.5,
"SOUTH SASKATCHEWAN RIVER AT HWY 41,",3/4/2013,PHOSPHORUS TOTAL,0.043,MG/L,,0.05
"SOUTH SASKATCHEWAN RIVER AT HWY 41,",3/4/2013,ZINC TOTAL,4.4,UG/L,,54.7776
"SOUTH SASKATCHEWAN RIVER AT HWY 41,",1/5/2013,AMMONIA DISSOLVED,0.012,MG/L,,0.019
"SOUTH SASKATCHEWAN RIVER AT HWY 41,",1/5/2013,ARSENIC TOTAL,0.88,UG/L,,5
"SOUTH SASKATCHEWAN RIVER AT HWY 41,",1/5/2013,CHLORIDE DISSOLVED,18.9,MG/L,,120
"SOUTH SASKATCHEWAN RIVER AT HWY 41,",1/5/2013,COPPER TOTAL,1.9,UG/L,,4.025296
"SOUTH SASKATCHEWAN RIVER AT HWY 41,",1/5/2013,LEAD TOTAL,0.474,UG/L,,7.027371
"SOUTH SASKATCHEWAN RIVER AT HWY 41,",1/5/2013,NICKEL TOTAL,1.72,UG/L,,153.395951
"SOUTH SASKATCHEWAN RIVER AT HWY 41,",1/5/2013,NITROGEN TOTAL,0.691,MG/L,,1
"SOUTH SASKATCHEWAN RIVER AT HWY 41,",1/5/2013,OXYGEN DISSOLVED,11.91,MG/L,6.5,
"SOUTH SASKATCHEWAN RIVER AT HWY 41,",1/5/2013,PHOSPHORUS TOTAL,0.071,MG/L,,0.05
"SOUTH SASKATCHEWAN RIVER AT HWY 41,",1/5/2013,ZINC TOTAL,3.2,UG/L,,79.767375
"SOUTH SASKATCHEWAN RIVER AT HWY 41,",3/7/2013,AMMONIA DISSOLVED,0.054,MG/L,,0.019
"SOUTH SASKATCHEWAN RIVER AT HWY 41,",3/7/2013,ARSENIC TOTAL,3.53,UG/L,,5
"SOUTH SASKATCHEWAN RIVER AT HWY 41,",3/7/2013,CHLORIDE DISSOLVED,4.75,MG/L,,120
"SOUTH SASKATCHEWAN RIVER AT HWY 41,",3/7/2013,COPPER TOTAL,11.5,UG/L,,3.681028
"SOUTH SASKATCHEWAN RIVER AT HWY 41,",3/7/2013,LEAD TOTAL,6.58,UG/L,,6.151024
"SOUTH SASKATCHEWAN RIVER AT HWY 41,",3/7/2013,NICKEL TOTAL,12.4,UG/L,,141.670455
"SOUTH SASKATCHEWAN RIVER AT HWY 41,",3/7/2013,NITROGEN TOTAL,1.079,MG/L,,1
"SOUTH SASKATCHEWAN RIVER AT HWY 41,",3/7/2013,OXYGEN DISSOLVED,7.97,MG/L,6.5,
"SOUTH SASKATCHEWAN RIVER AT HWY 41,",3/7/2013,PHOSPHORUS TOTAL,0.505,MG/L,,0.05
"SOUTH SASKATCHEWAN RIVER AT HWY 41,",3/7/2013,ZINC TOTAL,35.6,UG/L,,65.88255
"SOUTH SASKATCHEWAN RIVER AT HWY 41,",1/8/2013,AMMONIA DISSOLVED,0.005,MG/L,,0.019
"SOUTH SASKATCHEWAN RIVER AT HWY 41,",1/8/2013,ARSENIC TOTAL,0.73,UG/L,,5
"SOUTH SASKATCHEWAN RIVER AT HWY 41,",1/8/2013,CHLORIDE DISSOLVED,7.47,MG/L,,120
"SOUTH SASKATCHEWAN RIVER AT HWY 41,",1/8/2013,COPPER TOTAL,1.2,UG/L,,3.906404
"SOUTH SASKATCHEWAN RIVER AT HWY 41,",1/8/2013,LEAD TOTAL,0.215,UG/L,,6.7204
"SOUTH SASKATCHEWAN RIVER AT HWY 41,",1/8/2013,NICKEL TOTAL,1.27,UG/L,,149.359602
"SOUTH SASKATCHEWAN RIVER AT HWY 41,",1/8/2013,NITROGEN TOTAL,0.34,MG/L,,1
"SOUTH SASKATCHEWAN RIVER AT HWY 41,",1/8/2013,OXYGEN DISSOLVED,8.94,MG/L,6.5,
"SOUTH SASKATCHEWAN RIVER AT HWY 41,",1/8/2013,PHOSPHORUS TOTAL,0.023,MG/L,,0.05
"SOUTH SASKATCHEWAN RIVER AT HWY 41,",1/8/2013,ZINC TOTAL,1.4,UG/L,,74.948475
"SOUTH SASKATCHEWAN RIVER AT HWY 41,",4/9/2013,AMMONIA DISSOLVED,0.025,MG/L,,0.019
"SOUTH SASKATCHEWAN RIVER AT HWY 41,",4/9/2013,ARSENIC TOTAL,0.7,UG/L,,5
"SOUTH SASKATCHEWAN RIVER AT HWY 41,",4/9/2013,CHLORIDE DISSOLVED,6.47,MG/L,,120
"SOUTH SASKATCHEWAN RIVER AT HWY 41,",4/9/2013,COPPER TOTAL,1.49,UG/L,,3.718705
"SOUTH SASKATCHEWAN RIVER AT HWY 41,",4/9/2013,LEAD TOTAL,0.199,UG/L,,6.245051
"SOUTH SASKATCHEWAN RIVER AT HWY 41,",4/9/2013,NICKEL TOTAL,1.19,UG/L,,142.959409
"SOUTH SASKATCHEWAN RIVER AT HWY 41,",4/9/2013,NITROGEN TOTAL,0.446,MG/L,,1
"SOUTH SASKATCHEWAN RIVER AT HWY 41,",4/9/2013,OXYGEN DISSOLVED,8.77,MG/L,6.5,
"SOUTH SASKATCHEWAN RIVER AT HWY 41,",4/9/2013,PHOSPHORUS TOTAL,0.016,MG/L,,0.05
"SOUTH SASKATCHEWAN RIVER AT HWY 41,",4/9/2013,ZINC TOTAL,1,UG/L,,67.3917
"SOUTH SASKATCHEWAN RIVER AT HWY 41,",9/10/2013,AMMONIA DISSOLVED,0.015,MG/L,,0.019
"SOUTH SASKATCHEWAN RIVER AT HWY 41,",9/10/2013,ARSENIC TOTAL,0.56,UG/L,,5
"SOUTH SASKATCHEWAN RIVER AT HWY 41,",9/10/2013,CHLORIDE DISSOLVED,7.33,MG/L,,120
"SOUTH SASKATCHEWAN RIVER AT HWY 41,",9/10/2013,COPPER TOTAL,0.97,UG/L,,3.916796
"SOUTH SASKATCHEWAN RIVER AT HWY 41,",9/10/2013,LEAD TOTAL,0.143,UG/L,,6.747052
"SOUTH SASKATCHEWAN RIVER AT HWY 41,",9/10/2013,NICKEL TOTAL,0.95,UG/L,,149.712947
"SOUTH SASKATCHEWAN RIVER AT HWY 41,",9/10/2013,NITROGEN TOTAL,0.543,MG/L,,1
"SOUTH SASKATCHEWAN RIVER AT HWY 41,",9/10/2013,OXYGEN DISSOLVED,11.25,MG/L,6.5,
"SOUTH SASKATCHEWAN RIVER AT HWY 41,",9/10/2013,PHOSPHORUS TOTAL,0.015,MG/L,,0.05
"SOUTH SASKATCHEWAN RIVER AT HWY 41,",9/10/2013,ZINC TOTAL,1.3,UG/L,,75.3687
"SOUTH SASKATCHEWAN RIVER AT HWY 41,",5/11/2013,AMMONIA DISSOLVED,0.01,MG/L,,0.019
"SOUTH SASKATCHEWAN RIVER AT HWY 41,",5/11/2013,ARSENIC TOTAL,0.43,UG/L,,5
"SOUTH SASKATCHEWAN RIVER AT HWY 41,",5/11/2013,CHLORIDE DISSOLVED,9.34,MG/L,,120
"SOUTH SASKATCHEWAN RIVER AT HWY 41,",5/11/2013,COPPER TOTAL,0.88,UG/L,,4.182221
"SOUTH SASKATCHEWAN RIVER AT HWY 41,",5/11/2013,LEAD TOTAL,0.135,UG/L,,7.439375
"SOUTH SASKATCHEWAN RIVER AT HWY 41,",5/11/2013,NICKEL TOTAL,0.81,UG/L,,158.70338
"SOUTH SASKATCHEWAN RIVER AT HWY 41,",5/11/2013,NITROGEN TOTAL,0.794,MG/L,,1
"SOUTH SASKATCHEWAN RIVER AT HWY 41,",5/11/2013,OXYGEN DISSOLVED,14.74,MG/L,6.5,
"SOUTH SASKATCHEWAN RIVER AT HWY 41,",5/11/2013,PHOSPHORUS TOTAL,0.013,MG/L,,0.05
"SOUTH SASKATCHEWAN RIVER AT HWY 41,",5/11/2013,ZINC TOTAL,1.5,UG/L,,86.164875
"SOUTH SASKATCHEWAN RIVER AT HWY 41,",3/12/2013,AMMONIA DISSOLVED,0.036,MG/L,,0.019
"SOUTH SASKATCHEWAN RIVER AT HWY 41,",3/12/2013,ARSENIC TOTAL,0.45,UG/L,,5
"SOUTH SASKATCHEWAN RIVER AT HWY 41,",3/12/2013,CHLORIDE DISSOLVED,14.9,MG/L,,120
"SOUTH SASKATCHEWAN RIVER AT HWY 41,",3/12/2013,COPPER TOTAL,0.98,UG/L,,5.099648
"SOUTH SASKATCHEWAN RIVER AT HWY 41,",3/12/2013,LEAD TOTAL,0.136,UG/L,,9.996646
"SOUTH SASKATCHEWAN RIVER AT HWY 41,",3/12/2013,NICKEL TOTAL,1.08,UG/L,,189.318851
"SOUTH SASKATCHEWAN RIVER AT HWY 41,",3/12/2013,NITROGEN TOTAL,1.075,MG/L,,1
"SOUTH SASKATCHEWAN RIVER AT HWY 41,",3/12/2013,OXYGEN DISSOLVED,13.74,MG/L,6.5,
"SOUTH SASKATCHEWAN RIVER AT HWY 41,",3/12/2013,PHOSPHORUS TOTAL,0.01,MG/L,,0.05
"SOUTH SASKATCHEWAN RIVER AT HWY 41,",3/12/2013,ZINC TOTAL,1.9,UG/L,,124.349775
"SOUTH SASKATCHEWAN RIVER AT HWY 41,",5/2/2014,AMMONIA DISSOLVED,0.013,MG/L,,0.019
"SOUTH SASKATCHEWAN RIVER AT HWY 41,",5/2/2014,ARSENIC TOTAL,0.37,UG/L,,5
"SOUTH SASKATCHEWAN RIVER AT HWY 41,",5/2/2014,CHLORIDE DISSOLVED,18.2,MG/L,,120
"SOUTH SASKATCHEWAN RIVER AT HWY 41,",5/2/2014,COPPER TOTAL,1.1,UG/L,,4.631906
"SOUTH SASKATCHEWAN RIVER AT HWY 41,",5/2/2014,LEAD TOTAL,0.162,UG/L,,8.661866
"SOUTH SASKATCHEWAN RIVER AT HWY 41,",5/2/2014,NICKEL TOTAL,1.04,UG/L,,173.793666
"SOUTH SASKATCHEWAN RIVER AT HWY 41,",5/2/2014,NITROGEN TOTAL,1.088,MG/L,,1
"SOUTH SASKATCHEWAN RIVER AT HWY 41,",5/2/2014,OXYGEN DISSOLVED,14.75,MG/L,6.5,
"SOUTH SASKATCHEWAN RIVER AT HWY 41,",5/2/2014,PHOSPHORUS TOTAL,0.011,MG/L,,0.05
"SOUTH SASKATCHEWAN RIVER AT HWY 41,",5/2/2014,ZINC TOTAL,2.5,UG/L,,104.720625
"SOUTH SASKATCHEWAN RIVER AT HWY 41,",5/3/2014,AMMONIA DISSOLVED,0.014,MG/L,,0.019
"SOUTH SASKATCHEWAN RIVER AT HWY 41,",5/3/2014,ARSENIC TOTAL,0.39,UG/L,,5
"SOUTH SASKATCHEWAN RIVER AT HWY 41,",5/3/2014,CHLORIDE DISSOLVED,19.6,MG/L,,120
"SOUTH SASKATCHEWAN RIVER AT HWY 41,",5/3/2014,COPPER TOTAL,1.93,UG/L,,5.032566
"SOUTH SASKATCHEWAN RIVER AT HWY 41,",5/3/2014,LEAD TOTAL,0.132,UG/L,,9.801378
"SOUTH SASKATCHEWAN RIVER AT HWY 41,",5/3/2014,NICKEL TOTAL,0.92,UG/L,,187.102301
"SOUTH SASKATCHEWAN RIVER AT HWY 41,",5/3/2014,NITROGEN TOTAL,1.225,MG/L,,1
"SOUTH SASKATCHEWAN RIVER AT HWY 41,",5/3/2014,OXYGEN DISSOLVED,14.99,MG/L,6.5,
"SOUTH SASKATCHEWAN RIVER AT HWY 41,",5/3/2014,PHOSPHORUS TOTAL,0.01,MG/L,,0.05
"SOUTH SASKATCHEWAN RIVER AT HWY 41,",5/3/2014,ZINC TOTAL,2.5,UG/L,,121.515075
"SOUTH SASKATCHEWAN RIVER AT HWY 41,",9/4/2014,AMMONIA DISSOLVED,0.114,MG/L,,0.019
"SOUTH SASKATCHEWAN RIVER AT HWY 41,",9/4/2014,ARSENIC TOTAL,3.28,UG/L,,5
"SOUTH SASKATCHEWAN RIVER AT HWY 41,",9/4/2014,CHLORIDE DISSOLVED,18.5,MG/L,,120
"SOUTH SASKATCHEWAN RIVER AT HWY 41,",9/4/2014,COPPER TOTAL,11.3,UG/L,,3.939552
"SOUTH SASKATCHEWAN RIVER AT HWY 41,",9/4/2014,LEAD TOTAL,7,UG/L,,6.805533
"SOUTH SASKATCHEWAN RIVER AT HWY 41,",9/4/2014,NICKEL TOTAL,11.8,UG/L,,150.486321
"SOUTH SASKATCHEWAN RIVER AT HWY 41,",9/4/2014,NITROGEN TOTAL,1.722,MG/L,,1
"SOUTH SASKATCHEWAN RIVER AT HWY 41,",9/4/2014,OXYGEN DISSOLVED,12.48,MG/L,6.5,
"SOUTH SASKATCHEWAN RIVER AT HWY 41,",9/4/2014,PHOSPHORUS TOTAL,0.467,MG/L,,0.05
"SOUTH SASKATCHEWAN RIVER AT HWY 41,",9/4/2014,ZINC TOTAL,33.1,UG/L,,76.28955
"SOUTH SASKATCHEWAN RIVER AT HWY 41,",2/7/2014,AMMONIA DISSOLVED,0.018,MG/L,,0.019
"SOUTH SASKATCHEWAN RIVER AT HWY 41,",2/7/2014,ARSENIC TOTAL,1.99,UG/L,,5
"SOUTH SASKATCHEWAN RIVER AT HWY 41,",2/7/2014,CHLORIDE DISSOLVED,3.59,MG/L,,120
"SOUTH SASKATCHEWAN RIVER AT HWY 41,",2/7/2014,COPPER TOTAL,6.78,UG/L,,3.561563
"SOUTH SASKATCHEWAN RIVER AT HWY 41,",2/7/2014,LEAD TOTAL,3.94,UG/L,,5.856004
"SOUTH SASKATCHEWAN RIVER AT HWY 41,",2/7/2014,NICKEL TOTAL,7.25,UG/L,,137.573685
"SOUTH SASKATCHEWAN RIVER AT HWY 41,",2/7/2014,NITROGEN TOTAL,0.998,MG/L,,1
"SOUTH SASKATCHEWAN RIVER AT HWY 41,",2/7/2014,OXYGEN DISSOLVED,8.71,MG/L,6.5,
"SOUTH SASKATCHEWAN RIVER AT HWY 41,",2/7/2014,PHOSPHORUS TOTAL,0.256,MG/L,,0.05
"SOUTH SASKATCHEWAN RIVER AT HWY 41,",2/7/2014,ZINC TOTAL,19.5,UG/L,,61.1148
"SOUTH SASKATCHEWAN RIVER AT HWY 41,",6/8/2014,AMMONIA DISSOLVED,0.009,MG/L,,0.019
"SOUTH SASKATCHEWAN RIVER AT HWY 41,",6/8/2014,ARSENIC TOTAL,0.89,UG/L,,5
"SOUTH SASKATCHEWAN RIVER AT HWY 41,",6/8/2014,CHLORIDE DISSOLVED,5.73,MG/L,,120
"SOUTH SASKATCHEWAN RIVER AT HWY 41,",6/8/2014,COPPER TOTAL,2.13,UG/L,,3.819852
"SOUTH SASKATCHEWAN RIVER AT HWY 41,",6/8/2014,LEAD TOTAL,0.724,UG/L,,6.499783
"SOUTH SASKATCHEWAN RIVER AT HWY 41,",6/8/2014,NICKEL TOTAL,2.15,UG/L,,146.41267
"SOUTH SASKATCHEWAN RIVER AT HWY 41,",6/8/2014,NITROGEN TOTAL,0.418,MG/L,,1
"SOUTH SASKATCHEWAN RIVER AT HWY 41,",6/8/2014,OXYGEN DISSOLVED,8,MG/L,6.5,
"SOUTH SASKATCHEWAN RIVER AT HWY 41,",6/8/2014,PHOSPHORUS TOTAL,0.041,MG/L,,0.05
"SOUTH SASKATCHEWAN RIVER AT HWY 41,",6/8/2014,ZINC TOTAL,3.3,UG/L,,71.456025
"SOUTH SASKATCHEWAN RIVER AT HWY 41,",8/10/2014,AMMONIA DISSOLVED,0.012,MG/L,,0.019
"SOUTH SASKATCHEWAN RIVER AT HWY 41,",8/10/2014,ARSENIC TOTAL,0.67,UG/L,,5
"SOUTH SASKATCHEWAN RIVER AT HWY 41,",8/10/2014,CHLORIDE DISSOLVED,6.31,MG/L,,120
"SOUTH SASKATCHEWAN RIVER AT HWY 41,",8/10/2014,COPPER TOTAL,1.01,UG/L,,3.934181
"SOUTH SASKATCHEWAN RIVER AT HWY 41,",8/10/2014,LEAD TOTAL,0.163,UG/L,,6.791715
"SOUTH SASKATCHEWAN RIVER AT HWY 41,",8/10/2014,NICKEL TOTAL,1.01,UG/L,,150.303831
"SOUTH SASKATCHEWAN RIVER AT HWY 41,",8/10/2014,NITROGEN TOTAL,0.398,MG/L,,1
"SOUTH SASKATCHEWAN RIVER AT HWY 41,",8/10/2014,OXYGEN DISSOLVED,11.05,MG/L,6.5,
"SOUTH SASKATCHEWAN RIVER AT HWY 41,",8/10/2014,PHOSPHORUS TOTAL,0.014,MG/L,,0.05
"SOUTH SASKATCHEWAN RIVER AT HWY 41,",8/10/2014,ZINC TOTAL,1.1,UG/L,,76.072125
"SOUTH SASKATCHEWAN RIVER AT HWY 41,",4/11/2014,AMMONIA DISSOLVED,0.01,MG/L,,0.019
"SOUTH SASKATCHEWAN RIVER AT HWY 41,",4/11/2014,ARSENIC TOTAL,0.49,UG/L,,5
"SOUTH SASKATCHEWAN RIVER AT HWY 41,",4/11/2014,CHLORIDE DISSOLVED,9.67,MG/L,,120
"SOUTH SASKATCHEWAN RIVER AT HWY 41,",4/11/2014,COPPER TOTAL,0.91,UG/L,,4.288178
"SOUTH SASKATCHEWAN RIVER AT HWY 41,",4/11/2014,LEAD TOTAL,0.175,UG/L,,7.721897
"SOUTH SASKATCHEWAN RIVER AT HWY 41,",4/11/2014,NICKEL TOTAL,0.9,UG/L,,162.274538
"SOUTH SASKATCHEWAN RIVER AT HWY 41,",4/11/2014,NITROGEN TOTAL,0.802,MG/L,,1
"SOUTH SASKATCHEWAN RIVER AT HWY 41,",4/11/2014,OXYGEN DISSOLVED,12.44,MG/L,6.5,
"SOUTH SASKATCHEWAN RIVER AT HWY 41,",4/11/2014,PHOSPHORUS TOTAL,0.0119,MG/L,,0.05
"SOUTH SASKATCHEWAN RIVER AT HWY 41,",4/11/2014,ZINC TOTAL,1.3,UG/L,,90.507825
"SOUTH SASKATCHEWAN RIVER AT HWY 41,",2/12/2014,AMMONIA DISSOLVED,0.08,MG/L,,0.019
"SOUTH SASKATCHEWAN RIVER AT HWY 41,",2/12/2014,ARSENIC TOTAL,0.52,UG/L,,5
"SOUTH SASKATCHEWAN RIVER AT HWY 41,",2/12/2014,CHLORIDE DISSOLVED,15.1,MG/L,,120
"SOUTH SASKATCHEWAN RIVER AT HWY 41,",2/12/2014,COPPER TOTAL,1.03,UG/L,,4.713157
"SOUTH SASKATCHEWAN RIVER AT HWY 41,",2/12/2014,LEAD TOTAL,0.203,UG/L,,8.889193
"SOUTH SASKATCHEWAN RIVER AT HWY 41,",2/12/2014,NICKEL TOTAL,1.14,UG/L,,176.502508
"SOUTH SASKATCHEWAN RIVER AT HWY 41,",2/12/2014,NITROGEN TOTAL,1.185,MG/L,,1
"SOUTH SASKATCHEWAN RIVER AT HWY 41,",2/12/2014,OXYGEN DISSOLVED,15.17,MG/L,6.5,
"SOUTH SASKATCHEWAN RIVER AT HWY 41,",2/12/2014,PHOSPHORUS TOTAL,0.0126,MG/L,,0.05
"SOUTH SASKATCHEWAN RIVER AT HWY 41,",2/12/2014,ZINC TOTAL,1.9,UG/L,,108.1071
"SOUTH SASKATCHEWAN RIVER AT HWY 41,",7/1/2015,AMMONIA DISSOLVED,0.102,MG/L,,0.019
"SOUTH SASKATCHEWAN RIVER AT HWY 41,",7/1/2015,ARSENIC TOTAL,0.46,UG/L,,5
"SOUTH SASKATCHEWAN RIVER AT HWY 41,",7/1/2015,CHLORIDE DISSOLVED,13.2,MG/L,,120
"SOUTH SASKATCHEWAN RIVER AT HWY 41,",7/1/2015,COPPER TOTAL,0.99,UG/L,,4.953673
"SOUTH SASKATCHEWAN RIVER AT HWY 41,",7/1/2015,LEAD TOTAL,0.101,UG/L,,9.573356
"SOUTH SASKATCHEWAN RIVER AT HWY 41,",7/1/2015,NICKEL TOTAL,0.95,UG/L,,184.491295
"SOUTH SASKATCHEWAN RIVER AT HWY 41,",7/1/2015,NITROGEN TOTAL,1.044,MG/L,,1
"SOUTH SASKATCHEWAN RIVER AT HWY 41,",7/1/2015,OXYGEN DISSOLVED,15.37,MG/L,6.5,
"SOUTH SASKATCHEWAN RIVER AT HWY 41,",7/1/2015,PHOSPHORUS TOTAL,0.0071,MG/L,,0.05
"SOUTH SASKATCHEWAN RIVER AT HWY 41,",7/1/2015,ZINC TOTAL,1.7,UG/L,,118.1895
"SOUTH SASKATCHEWAN RIVER AT HWY 41,",4/2/2015,AMMONIA DISSOLVED,0.071,MG/L,,0.019
"SOUTH SASKATCHEWAN RIVER AT HWY 41,",4/2/2015,ARSENIC TOTAL,0.6,UG/L,,5
"SOUTH SASKATCHEWAN RIVER AT HWY 41,",4/2/2015,CHLORIDE DISSOLVED,14.1,MG/L,,120
"SOUTH SASKATCHEWAN RIVER AT HWY 41,",4/2/2015,COPPER TOTAL,1.32,UG/L,,4.332125
"SOUTH SASKATCHEWAN RIVER AT HWY 41,",4/2/2015,LEAD TOTAL,0.2,UG/L,,7.840087
"SOUTH SASKATCHEWAN RIVER AT HWY 41,",4/2/2015,NICKEL TOTAL,1.12,UG/L,,163.752836
"SOUTH SASKATCHEWAN RIVER AT HWY 41,",4/2/2015,NITROGEN TOTAL,1.071,MG/L,,1
"SOUTH SASKATCHEWAN RIVER AT HWY 41,",4/2/2015,OXYGEN DISSOLVED,12.29,MG/L,6.5,
"SOUTH SASKATCHEWAN RIVER AT HWY 41,",4/2/2015,PHOSPHORUS TOTAL,0.03,MG/L,,0.05
"SOUTH SASKATCHEWAN RIVER AT HWY 41,",4/2/2015,ZINC TOTAL,2.4,UG/L,,92.3145
"SOUTH SASKATCHEWAN RIVER AT HWY 41,",11/3/2015,AMMONIA DISSOLVED,0.011,MG/L,,0.019
"SOUTH SASKATCHEWAN RIVER AT HWY 41,",11/3/2015,ARSENIC TOTAL,0.69,UG/L,,5
"SOUTH SASKATCHEWAN RIVER AT HWY 41,",11/3/2015,CHLORIDE DISSOLVED,15.6,MG/L,,120
"SOUTH SASKATCHEWAN RIVER AT HWY 41,",11/3/2015,COPPER TOTAL,1.81,UG/L,,4.261303
"SOUTH SASKATCHEWAN RIVER AT HWY 41,",11/3/2015,LEAD TOTAL,0.699,UG/L,,7.649909
"SOUTH SASKATCHEWAN RIVER AT HWY 41,",11/3/2015,NICKEL TOTAL,1.92,UG/L,,161.369657
"SOUTH SASKATCHEWAN RIVER AT HWY 41,",11/3/2015,NITROGEN TOTAL,0.906,MG/L,,1
"SOUTH SASKATCHEWAN RIVER AT HWY 41,",11/3/2015,OXYGEN DISSOLVED,13.65,MG/L,6.5,
"SOUTH SASKATCHEWAN RIVER AT HWY 41,",11/3/2015,PHOSPHORUS TOTAL,0.045,MG/L,,0.05
"SOUTH SASKATCHEWAN RIVER AT HWY 41,",11/3/2015,ZINC TOTAL,5.8,UG/L,,89.4045
"SOUTH SASKATCHEWAN RIVER AT HWY 41,",8/4/2015,AMMONIA DISSOLVED,0.009,MG/L,,0.019
"SOUTH SASKATCHEWAN RIVER AT HWY 41,",8/4/2015,ARSENIC TOTAL,1.03,UG/L,,5
"SOUTH SASKATCHEWAN RIVER AT HWY 41,",8/4/2015,CHLORIDE DISSOLVED,10.3,MG/L,,120
"SOUTH SASKATCHEWAN RIVER AT HWY 41,",8/4/2015,COPPER TOTAL,2.97,UG/L,,4.017571
"SOUTH SASKATCHEWAN RIVER AT HWY 41,",8/4/2015,LEAD TOTAL,1.34,UG/L,,7.007288
"SOUTH SASKATCHEWAN RIVER AT HWY 41,",8/4/2015,NICKEL TOTAL,3.01,UG/L,,153.134075
"SOUTH SASKATCHEWAN RIVER AT HWY 41,",8/4/2015,NITROGEN TOTAL,0.772,MG/L,,1
"SOUTH SASKATCHEWAN RIVER AT HWY 41,",8/4/2015,OXYGEN DISSOLVED,11.58,MG/L,6.5,
"SOUTH SASKATCHEWAN RIVER AT HWY 41,",8/4/2015,PHOSPHORUS TOTAL,0.0919,MG/L,,0.05
"SOUTH SASKATCHEWAN RIVER AT HWY 41,",8/4/2015,ZINC TOTAL,8.2,UG/L,,79.4535
"SOUTH SASKATCHEWAN RIVER AT HWY 41,",6/5/2015,AMMONIA DISSOLVED,0.027,MG/L,,0.019
"SOUTH SASKATCHEWAN RIVER AT HWY 41,",6/5/2015,ARSENIC TOTAL,0.6,UG/L,,5
"SOUTH SASKATCHEWAN RIVER AT HWY 41,",6/5/2015,CHLORIDE DISSOLVED,9.35,MG/L,,120
"SOUTH SASKATCHEWAN RIVER AT HWY 41,",6/5/2015,COPPER TOTAL,1.29,UG/L,,4.357722
"SOUTH SASKATCHEWAN RIVER AT HWY 41,",6/5/2015,LEAD TOTAL,0.172,UG/L,,7.9092
"SOUTH SASKATCHEWAN RIVER AT HWY 41,",6/5/2015,NICKEL TOTAL,1.17,UG/L,,164.613114
"SOUTH SASKATCHEWAN RIVER AT HWY 41,",6/5/2015,NITROGEN TOTAL,1.62,MG/L,,1
"SOUTH SASKATCHEWAN RIVER AT HWY 41,",6/5/2015,OXYGEN DISSOLVED,9.74,MG/L,6.5,
"SOUTH SASKATCHEWAN RIVER AT HWY 41,",6/5/2015,PHOSPHORUS TOTAL,0.215,MG/L,,0.05
"SOUTH SASKATCHEWAN RIVER AT HWY 41,",6/5/2015,ZINC TOTAL,1.2,UG/L,,93.36825
"SOUTH SASKATCHEWAN RIVER AT HWY 41,",9/6/2015,AMMONIA DISSOLVED,0.066,MG/L,,0.019
"SOUTH SASKATCHEWAN RIVER AT HWY 41,",9/6/2015,ARSENIC TOTAL,2.42,UG/L,,5
"SOUTH SASKATCHEWAN RIVER AT HWY 41,",9/6/2015,CHLORIDE DISSOLVED,3.63,MG/L,,120
"SOUTH SASKATCHEWAN RIVER AT HWY 41,",9/6/2015,COPPER TOTAL,9.32,UG/L,,3.619596
"SOUTH SASKATCHEWAN RIVER AT HWY 41,",9/6/2015,LEAD TOTAL,6,UG/L,,5.998721
"SOUTH SASKATCHEWAN RIVER AT HWY 41,",9/6/2015,NICKEL TOTAL,10.3,UG/L,,139.565653
"SOUTH SASKATCHEWAN RIVER AT HWY 41,",9/6/2015,NITROGEN TOTAL,1.273,MG/L,,1
"SOUTH SASKATCHEWAN RIVER AT HWY 41,",9/6/2015,OXYGEN DISSOLVED,7.78,MG/L,6.5,
"SOUTH SASKATCHEWAN RIVER AT HWY 41,",9/6/2015,PHOSPHORUS TOTAL,0.307,MG/L,,0.05
"SOUTH SASKATCHEWAN RIVER AT HWY 41,",9/6/2015,ZINC TOTAL,29.9,UG/L,,63.4275
"SOUTH SASKATCHEWAN RIVER AT HWY 41,",8/7/2015,AMMONIA DISSOLVED,0.011,MG/L,,0.019
"SOUTH SASKATCHEWAN RIVER AT HWY 41,",8/7/2015,ARSENIC TOTAL,0.86,UG/L,,5
"SOUTH SASKATCHEWAN RIVER AT HWY 41,",8/7/2015,CHLORIDE DISSOLVED,7.5,MG/L,,120
"SOUTH SASKATCHEWAN RIVER AT HWY 41,",8/7/2015,COPPER TOTAL,1.52,UG/L,,3.932189
"SOUTH SASKATCHEWAN RIVER AT HWY 41,",8/7/2015,LEAD TOTAL,0.183,UG/L,,6.786592
"SOUTH SASKATCHEWAN RIVER AT HWY 41,",8/7/2015,NICKEL TOTAL,1.43,UG/L,,150.236142
"SOUTH SASKATCHEWAN RIVER AT HWY 41,",8/7/2015,NITROGEN TOTAL,0.263,MG/L,,1
"SOUTH SASKATCHEWAN RIVER AT HWY 41,",8/7/2015,OXYGEN DISSOLVED,8.51,MG/L,6.5,
"SOUTH SASKATCHEWAN RIVER AT HWY 41,",8/7/2015,PHOSPHORUS TOTAL,0.0217,MG/L,,0.05
"SOUTH SASKATCHEWAN RIVER AT HWY 41,",8/7/2015,ZINC TOTAL,1,UG/L,,75.9915
"SOUTH SASKATCHEWAN RIVER AT HWY 41,",12/8/2015,AMMONIA DISSOLVED,0.01,MG/L,,0.019
"SOUTH SASKATCHEWAN RIVER AT HWY 41,",12/8/2015,ARSENIC TOTAL,0.94,UG/L,,5
"SOUTH SASKATCHEWAN RIVER AT HWY 41,",12/8/2015,CHLORIDE DISSOLVED,7.71,MG/L,,120
"SOUTH SASKATCHEWAN RIVER AT HWY 41,",12/8/2015,COPPER TOTAL,1.84,UG/L,,3.76224
"SOUTH SASKATCHEWAN RIVER AT HWY 41,",12/8/2015,LEAD TOTAL,0.373,UG/L,,6.35428
"SOUTH SASKATCHEWAN RIVER AT HWY 41,",12/8/2015,NICKEL TOTAL,1.78,UG/L,,144.446986
"SOUTH SASKATCHEWAN RIVER AT HWY 41,",12/8/2015,NITROGEN TOTAL,0.251,MG/L,,1
"SOUTH SASKATCHEWAN RIVER AT HWY 41,",12/8/2015,OXYGEN DISSOLVED,7.96,MG/L,6.5,
"SOUTH SASKATCHEWAN RIVER AT HWY 41,",12/8/2015,PHOSPHORUS TOTAL,0.0222,MG/L,,0.05
"SOUTH SASKATCHEWAN RIVER AT HWY 41,",12/8/2015,ZINC TOTAL,2,UG/L,,69.13875
"SOUTH SASKATCHEWAN RIVER AT HWY 41,",9/9/2015,AMMONIA DISSOLVED,0.01,MG/L,,0.019
"SOUTH SASKATCHEWAN RIVER AT HWY 41,",9/9/2015,ARSENIC TOTAL,0.91,UG/L,,5
"SOUTH SASKATCHEWAN RIVER AT HWY 41,",9/9/2015,CHLORIDE DISSOLVED,10.6,MG/L,,120
"SOUTH SASKATCHEWAN RIVER AT HWY 41,",9/9/2015,COPPER TOTAL,2.03,UG/L,,3.845114
"SOUTH SASKATCHEWAN RIVER AT HWY 41,",9/9/2015,LEAD TOTAL,0.669,UG/L,,6.563925
"SOUTH SASKATCHEWAN RIVER AT HWY 41,",9/9/2015,NICKEL TOTAL,2.22,UG/L,,147.273557
"SOUTH SASKATCHEWAN RIVER AT HWY 41,",9/9/2015,NITROGEN TOTAL,0.484,MG/L,,1
"SOUTH SASKATCHEWAN RIVER AT HWY 41,",9/9/2015,OXYGEN DISSOLVED,10.13,MG/L,6.5,
"SOUTH SASKATCHEWAN RIVER AT HWY 41,",9/9/2015,PHOSPHORUS TOTAL,0.0405,MG/L,,0.05
"SOUTH SASKATCHEWAN RIVER AT HWY 41,",9/9/2015,ZINC TOTAL,4.1,UG/L,,72.474
"SOUTH SASKATCHEWAN RIVER AT HWY 41,",4/11/2015,AMMONIA DISSOLVED,0.027,MG/L,,0.019
"SOUTH SASKATCHEWAN RIVER AT HWY 41,",4/11/2015,ARSENIC TOTAL,0.46,UG/L,,5
"SOUTH SASKATCHEWAN RIVER AT HWY 41,",4/11/2015,CHLORIDE DISSOLVED,10.3,MG/L,,120
"SOUTH SASKATCHEWAN RIVER AT HWY 41,",4/11/2015,COPPER TOTAL,0.85,UG/L,,4.253039
"SOUTH SASKATCHEWAN RIVER AT HWY 41,",4/11/2015,LEAD TOTAL,0.244,UG/L,,7.627819
"SOUTH SASKATCHEWAN RIVER AT HWY 41,",4/11/2015,NICKEL TOTAL,0.92,UG/L,,161.091308
"SOUTH SASKATCHEWAN RIVER AT HWY 41,",4/11/2015,NITROGEN TOTAL,0.733,MG/L,,1
"SOUTH SASKATCHEWAN RIVER AT HWY 41,",4/11/2015,OXYGEN DISSOLVED,12,MG/L,6.5,
"SOUTH SASKATCHEWAN RIVER AT HWY 41,",4/11/2015,PHOSPHORUS TOTAL,0.0176,MG/L,,0.05
"SOUTH SASKATCHEWAN RIVER AT HWY 41,",4/11/2015,ZINC TOTAL,2.1,UG/L,,89.0655
"SOUTH SASKATCHEWAN RIVER AT HWY 41,",1/12/2015,AMMONIA DISSOLVED,0.035,MG/L,,0.019
"SOUTH SASKATCHEWAN RIVER AT HWY 41,",1/12/2015,ARSENIC TOTAL,0.52,UG/L,,5
"SOUTH SASKATCHEWAN RIVER AT HWY 41,",1/12/2015,CHLORIDE DISSOLVED,12.8,MG/L,,120
"SOUTH SASKATCHEWAN RIVER AT HWY 41,",1/12/2015,COPPER TOTAL,0.7,UG/L,,5.216205
"SOUTH SASKATCHEWAN RIVER AT HWY 41,",1/12/2015,LEAD TOTAL,0.18,UG/L,,10.338929
"SOUTH SASKATCHEWAN RIVER AT HWY 41,",1/12/2015,NICKEL TOTAL,1.07,UG/L,,193.162555
"SOUTH SASKATCHEWAN RIVER AT HWY 41,",1/12/2015,NITROGEN TOTAL,1.028,MG/L,,1
"SOUTH SASKATCHEWAN RIVER AT HWY 41,",1/12/2015,OXYGEN DISSOLVED,14.12,MG/L,6.5,
"SOUTH SASKATCHEWAN RIVER AT HWY 41,",1/12/2015,PHOSPHORUS TOTAL,0.0092,MG/L,,0.05
"SOUTH SASKATCHEWAN RIVER AT HWY 41,",1/12/2015,ZINC TOTAL,1.8,UG/L,,129.29025
"SOUTH SASKATCHEWAN RIVER AT HWY 41,",12/1/2016,AMMONIA DISSOLVED,0.164,MG/L,,0.019
"SOUTH SASKATCHEWAN RIVER AT HWY 41,",12/1/2016,ARSENIC TOTAL,0.44,UG/L,,5
"SOUTH SASKATCHEWAN RIVER AT HWY 41,",12/1/2016,CHLORIDE DISSOLVED,18.5,MG/L,,120
"SOUTH SASKATCHEWAN RIVER AT HWY 41,",12/1/2016,COPPER TOTAL,1,UG/L,,5.38948
"SOUTH SASKATCHEWAN RIVER AT HWY 41,",12/1/2016,LEAD TOTAL,0.135,UG/L,,10.854717
"SOUTH SASKATCHEWAN RIVER AT HWY 41,",12/1/2016,NICKEL TOTAL,1.28,UG/L,,198.859162
"SOUTH SASKATCHEWAN RIVER AT HWY 41,",12/1/2016,NITROGEN TOTAL,1.633,MG/L,,1
"SOUTH SASKATCHEWAN RIVER AT HWY 41,",12/1/2016,OXYGEN DISSOLVED,12.94,MG/L,6.5,
"SOUTH SASKATCHEWAN RIVER AT HWY 41,",12/1/2016,PHOSPHORUS TOTAL,0.0081,MG/L,,0.05
"SOUTH SASKATCHEWAN RIVER AT HWY 41,",12/1/2016,ZINC TOTAL,2.5,UG/L,,136.6695
"SOUTH SASKATCHEWAN RIVER AT HWY 41,",3/2/2016,AMMONIA DISSOLVED,0.119,MG/L,,0.019
"SOUTH SASKATCHEWAN RIVER AT HWY 41,",3/2/2016,ARSENIC TOTAL,0.45,UG/L,,5
"SOUTH SASKATCHEWAN RIVER AT HWY 41,",3/2/2016,CHLORIDE DISSOLVED,17.9,MG/L,,120
"SOUTH SASKATCHEWAN RIVER AT HWY 41,",3/2/2016,COPPER TOTAL,1.19,UG/L,,4.424846
"SOUTH SASKATCHEWAN RIVER AT HWY 41,",3/2/2016,LEAD TOTAL,0.326,UG/L,,8.091377
"SOUTH SASKATCHEWAN RIVER AT HWY 41,",3/2/2016,NICKEL TOTAL,1.3,UG/L,,166.866384
"SOUTH SASKATCHEWAN RIVER AT HWY 41,",3/2/2016,NITROGEN TOTAL,1.463,MG/L,,1
"SOUTH SASKATCHEWAN RIVER AT HWY 41,",3/2/2016,OXYGEN DISSOLVED,12.68,MG/L,6.5,
"SOUTH SASKATCHEWAN RIVER AT HWY 41,",3/2/2016,PHOSPHORUS TOTAL,0.0178,MG/L,,0.05
"SOUTH SASKATCHEWAN RIVER AT HWY 41,",3/2/2016,ZINC TOTAL,3.5,UG/L,,96.1365
"SOUTH SASKATCHEWAN RIVER AT HWY 41,",8/3/2016,AMMONIA DISSOLVED,0.017,MG/L,,0.019
"SOUTH SASKATCHEWAN RIVER AT HWY 41,",8/3/2016,ARSENIC TOTAL,0.47,UG/L,,5
"SOUTH SASKATCHEWAN RIVER AT HWY 41,",8/3/2016,CHLORIDE DISSOLVED,13.5,MG/L,,120
"SOUTH SASKATCHEWAN RIVER AT HWY 41,",8/3/2016,COPPER TOTAL,1.31,UG/L,,3.958044
"SOUTH SASKATCHEWAN RIVER AT HWY 41,",8/3/2016,LEAD TOTAL,0.354,UG/L,,6.853177
"SOUTH SASKATCHEWAN RIVER AT HWY 41,",8/3/2016,NICKEL TOTAL,1.32,UG/L,,151.114401
"SOUTH SASKATCHEWAN RIVER AT HWY 41,",8/3/2016,NITROGEN TOTAL,1.192,MG/L,,1
"SOUTH SASKATCHEWAN RIVER AT HWY 41,",8/3/2016,OXYGEN DISSOLVED,13.15,MG/L,6.5,
"SOUTH SASKATCHEWAN RIVER AT HWY 41,",8/3/2016,PHOSPHORUS TOTAL,0.0221,MG/L,,0.05
"SOUTH SASKATCHEWAN RIVER AT HWY 41,",8/3/2016,ZINC TOTAL,3.5,UG/L,,77.0385
"SOUTH SASKATCHEWAN RIVER AT HWY 41,",20/04/2016,AMMONIA DISSOLVED,0.009,MG/L,,0.019
"SOUTH SASKATCHEWAN RIVER AT HWY 41,",20/04/2016,ARSENIC TOTAL,0.65,UG/L,,5
"SOUTH SASKATCHEWAN RIVER AT HWY 41,",20/04/2016,CHLORIDE DISSOLVED,12.1,MG/L,,120
"SOUTH SASKATCHEWAN RIVER AT HWY 41,",20/04/2016,COPPER TOTAL,1.1,UG/L,,4.394552
"SOUTH SASKATCHEWAN RIVER AT HWY 41,",20/04/2016,LEAD TOTAL,0.275,UG/L,,8.008988
"SOUTH SASKATCHEWAN RIVER AT HWY 41,",20/04/2016,NICKEL TOTAL,1.36,UG/L,,165.849916
"SOUTH SASKATCHEWAN RIVER AT HWY 41,",20/04/2016,NITROGEN TOTAL,0.715,MG/L,,1
"SOUTH SASKATCHEWAN RIVER AT HWY 41,",20/04/2016,OXYGEN DISSOLVED,9.82,MG/L,6.5,
"SOUTH SASKATCHEWAN RIVER AT HWY 41,",20/04/2016,PHOSPHORUS TOTAL,0.0207,MG/L,,0.05
"SOUTH SASKATCHEWAN RIVER AT HWY 41,",20/04/2016,ZINC TOTAL,1.8,UG/L,,94.88625
"SOUTH SASKATCHEWAN RIVER AT HWY 41,",11/5/2016,AMMONIA DISSOLVED,0.012,MG/L,,0.019
"SOUTH SASKATCHEWAN RIVER AT HWY 41,",11/5/2016,ARSENIC TOTAL,0.68,UG/L,,5
"SOUTH SASKATCHEWAN RIVER AT HWY 41,",11/5/2016,CHLORIDE DISSOLVED,7.86,MG/L,,120
"SOUTH SASKATCHEWAN RIVER AT HWY 41,",11/5/2016,COPPER TOTAL,1.04,UG/L,,4.081405
"SOUTH SASKATCHEWAN RIVER AT HWY 41,",11/5/2016,LEAD TOTAL,0.158,UG/L,,7.173795
"SOUTH SASKATCHEWAN RIVER AT HWY 41,",11/5/2016,NICKEL TOTAL,1.22,UG/L,,155.296198
"SOUTH SASKATCHEWAN RIVER AT HWY 41,",11/5/2016,NITROGEN TOTAL,0.417,MG/L,,1
"SOUTH SASKATCHEWAN RIVER AT HWY 41,",11/5/2016,OXYGEN DISSOLVED,10.7,MG/L,6.5,
"SOUTH SASKATCHEWAN RIVER AT HWY 41,",11/5/2016,PHOSPHORUS TOTAL,0.018,MG/L,,0.05
"SOUTH SASKATCHEWAN RIVER AT HWY 41,",11/5/2016,ZINC TOTAL,0.9,UG/L,,82.05
"SOUTH SASKATCHEWAN RIVER AT HWY 41,",22/06/2016,AMMONIA DISSOLVED,0.02,MG/L,,0.019
"SOUTH SASKATCHEWAN RIVER AT HWY 41,",22/06/2016,ARSENIC TOTAL,1.4,UG/L,,5
"SOUTH SASKATCHEWAN RIVER AT HWY 41,",22/06/2016,CHLORIDE DISSOLVED,5.11,MG/L,,120
"SOUTH SASKATCHEWAN RIVER AT HWY 41,",22/06/2016,COPPER TOTAL,5.99,UG/L,,3.283938
"SOUTH SASKATCHEWAN RIVER AT HWY 41,",22/06/2016,LEAD TOTAL,3.49,UG/L,,5.189119
"SOUTH SASKATCHEWAN RIVER AT HWY 41,",22/06/2016,NICKEL TOTAL,5.93,UG/L,,127.993374
"SOUTH SASKATCHEWAN RIVER AT HWY 41,",22/06/2016,NITROGEN TOTAL,0.784,MG/L,,1
"SOUTH SASKATCHEWAN RIVER AT HWY 41,",22/06/2016,OXYGEN DISSOLVED,9.13,MG/L,6.5,
"SOUTH SASKATCHEWAN RIVER AT HWY 41,",22/06/2016,PHOSPHORUS TOTAL,0.101,MG/L,,0.05
"SOUTH SASKATCHEWAN RIVER AT HWY 41,",22/06/2016,ZINC TOTAL,15.9,UG/L,,50.14125
"SOUTH SASKATCHEWAN RIVER AT HWY 41,",6/7/2016,AMMONIA DISSOLVED,0.011,MG/L,,0.019
"SOUTH SASKATCHEWAN RIVER AT HWY 41,",6/7/2016,ARSENIC TOTAL,0.85,UG/L,,5
"SOUTH SASKATCHEWAN RIVER AT HWY 41,",6/7/2016,CHLORIDE DISSOLVED,7.67,MG/L,,120
"SOUTH SASKATCHEWAN RIVER AT HWY 41,",6/7/2016,COPPER TOTAL,1.73,UG/L,,3.604142
"SOUTH SASKATCHEWAN RIVER AT HWY 41,",6/7/2016,LEAD TOTAL,0.46,UG/L,,5.960605
"SOUTH SASKATCHEWAN RIVER AT HWY 41,",6/7/2016,NICKEL TOTAL,1.71,UG/L,,139.035534
"SOUTH SASKATCHEWAN RIVER AT HWY 41,",6/7/2016,NITROGEN TOTAL,0.256,MG/L,,1
"SOUTH SASKATCHEWAN RIVER AT HWY 41,",6/7/2016,OXYGEN DISSOLVED,8,MG/L,6.5,
"SOUTH SASKATCHEWAN RIVER AT HWY 41,",6/7/2016,PHOSPHORUS TOTAL,0.0394,MG/L,,0.05
"SOUTH SASKATCHEWAN RIVER AT HWY 41,",6/7/2016,ZINC TOTAL,2.1,UG/L,,62.811
"SOUTH SASKATCHEWAN RIVER AT HWY 41,",24/08/2016,AMMONIA DISSOLVED,0.012,MG/L,,0.019
"SOUTH SASKATCHEWAN RIVER AT HWY 41,",24/08/2016,ARSENIC TOTAL,2.06,UG/L,,5
"SOUTH SASKATCHEWAN RIVER AT HWY 41,",24/08/2016,CHLORIDE DISSOLVED,11,MG/L,,120
"SOUTH SASKATCHEWAN RIVER AT HWY 41,",24/08/2016,COPPER TOTAL,6.16,UG/L,,3.321964
"SOUTH SASKATCHEWAN RIVER AT HWY 41,",24/08/2016,LEAD TOTAL,3.4,UG/L,,5.278888
"SOUTH SASKATCHEWAN RIVER AT HWY 41,",24/08/2016,NICKEL TOTAL,6.45,UG/L,,129.310715
"SOUTH SASKATCHEWAN RIVER AT HWY 41,",24/08/2016,NITROGEN TOTAL,0.492,MG/L,,1
"SOUTH SASKATCHEWAN RIVER AT HWY 41,",24/08/2016,OXYGEN DISSOLVED,8.83,MG/L,6.5,
"SOUTH SASKATCHEWAN RIVER AT HWY 41,",24/08/2016,PHOSPHORUS TOTAL,0.0993,MG/L,,0.05
"SOUTH SASKATCHEWAN RIVER AT HWY 41,",24/08/2016,ZINC TOTAL,15.8,UG/L,,51.63525
"SOUTH SASKATCHEWAN RIVER AT HWY 41,",28/09/2016,AMMONIA DISSOLVED,0.009,MG/L,,0.019
"SOUTH SASKATCHEWAN RIVER AT HWY 41,",28/09/2016,ARSENIC TOTAL,0.69,UG/L,,5
"SOUTH SASKATCHEWAN RIVER AT HWY 41,",28/09/2016,CHLORIDE DISSOLVED,9.74,MG/L,,120
"SOUTH SASKATCHEWAN RIVER AT HWY 41,",28/09/2016,COPPER TOTAL,1.15,UG/L,,3.857648
"SOUTH SASKATCHEWAN RIVER AT HWY 41,",28/09/2016,LEAD TOTAL,0.317,UG/L,,6.595826
"SOUTH SASKATCHEWAN RIVER AT HWY 41,",28/09/2016,NICKEL TOTAL,1.27,UG/L,,147.700461
"SOUTH SASKATCHEWAN RIVER AT HWY 41,",28/09/2016,NITROGEN TOTAL,0.395,MG/L,,1
"SOUTH SASKATCHEWAN RIVER AT HWY 41,",28/09/2016,OXYGEN DISSOLVED,9.93,MG/L,6.5,
"SOUTH SASKATCHEWAN RIVER AT HWY 41,",28/09/2016,PHOSPHORUS TOTAL,0.0252,MG/L,,0.05
"SOUTH SASKATCHEWAN RIVER AT HWY 41,",28/09/2016,ZINC TOTAL,1.8,UG/L,,72.9795
"SOUTH SASKATCHEWAN RIVER AT HWY 41,",26/10/2016,AMMONIA DISSOLVED,0.026,MG/L,,0.019
"SOUTH SASKATCHEWAN RIVER AT HWY 41,",26/10/2016,ARSENIC TOTAL,0.82,UG/L,,5
"SOUTH SASKATCHEWAN RIVER AT HWY 41,",26/10/2016,CHLORIDE DISSOLVED,8.49,MG/L,,120
"SOUTH SASKATCHEWAN RIVER AT HWY 41,",26/10/2016,COPPER TOTAL,1.94,UG/L,,3.791552
"SOUTH SASKATCHEWAN RIVER AT HWY 41,",26/10/2016,LEAD TOTAL,0.953,UG/L,,6.428175
"SOUTH SASKATCHEWAN RIVER AT HWY 41,",26/10/2016,NICKEL TOTAL,2.02,UG/L,,145.447513
"SOUTH SASKATCHEWAN RIVER AT HWY 41,",26/10/2016,NITROGEN TOTAL,0.688,MG/L,,1
"SOUTH SASKATCHEWAN RIVER AT HWY 41,",26/10/2016,OXYGEN DISSOLVED,11.69,MG/L,6.5,
"SOUTH SASKATCHEWAN RIVER AT HWY 41,",26/10/2016,PHOSPHORUS TOTAL,0.0517,MG/L,,0.05
"SOUTH SASKATCHEWAN RIVER AT HWY 41,",26/10/2016,ZINC TOTAL,5.7,UG/L,,70.317
"SOUTH SASKATCHEWAN RIVER AT HWY 41,",15/11/2016,AMMONIA DISSOLVED,0.025,MG/L,,0.019
"SOUTH SASKATCHEWAN RIVER AT HWY 41,",15/11/2016,ARSENIC TOTAL,0.9,UG/L,,5
"SOUTH SASKATCHEWAN RIVER AT HWY 41,",15/11/2016,CHLORIDE DISSOLVED,6.63,MG/L,,120
"SOUTH SASKATCHEWAN RIVER AT HWY 41,",15/11/2016,COPPER TOTAL,2,UG/L,,3.735861
"SOUTH SASKATCHEWAN RIVER AT HWY 41,",15/11/2016,LEAD TOTAL,1.11,UG/L,,6.28802
"SOUTH SASKATCHEWAN RIVER AT HWY 41,",15/11/2016,NICKEL TOTAL,1.99,UG/L,,143.54585
"SOUTH SASKATCHEWAN RIVER AT HWY 41,",15/11/2016,NITROGEN TOTAL,0.629,MG/L,,1
"SOUTH SASKATCHEWAN RIVER AT HWY 41,",15/11/2016,OXYGEN DISSOLVED,10.84,MG/L,6.5,
"SOUTH SASKATCHEWAN RIVER AT HWY 41,",15/11/2016,PHOSPHORUS TOTAL,0.0524,MG/L,,0.05
"SOUTH SASKATCHEWAN RIVER AT HWY 41,",15/11/2016,ZINC TOTAL,6.2,UG/L,,68.07975
"SOUTH SASKATCHEWAN RIVER AT HWY 41,",14/12/2016,AMMONIA DISSOLVED,0.11,MG/L,,0.019
"SOUTH SASKATCHEWAN RIVER AT HWY 41,",14/12/2016,ARSENIC TOTAL,0.51,UG/L,,5
"SOUTH SASKATCHEWAN RIVER AT HWY 41,",14/12/2016,CHLORIDE DISSOLVED,8.74,MG/L,,120
"SOUTH SASKATCHEWAN RIVER AT HWY 41,",14/12/2016,COPPER TOTAL,0.65,UG/L,,4.633249
"SOUTH SASKATCHEWAN RIVER AT HWY 41,",14/12/2016,LEAD TOTAL,0.121,UG/L,,8.665607
"SOUTH SASKATCHEWAN RIVER AT HWY 41,",14/12/2016,NICKEL TOTAL,1.05,UG/L,,173.838468
"SOUTH SASKATCHEWAN RIVER AT HWY 41,",14/12/2016,NITROGEN TOTAL,1.043,MG/L,,1
"SOUTH SASKATCHEWAN RIVER AT HWY 41,",14/12/2016,OXYGEN DISSOLVED,12.82,MG/L,6.5,
"SOUTH SASKATCHEWAN RIVER AT HWY 41,",14/12/2016,PHOSPHORUS TOTAL,0.0099,MG/L,,0.05
"SOUTH SASKATCHEWAN RIVER AT HWY 41,",14/12/2016,ZINC TOTAL,1.5,UG/L,,104.7765
BOW RIVER AT HIGHWAY 1 ABOVE LAKE LOUISE,11/9/2013,AMMONIA DISSOLVED,0.014,MG/L,,0.019
BOW RIVER AT HIGHWAY 1 ABOVE LAKE LOUISE,11/9/2013,ARSENIC TOTAL,0.07,UG/L,,5
BOW RIVER AT HIGHWAY 1 ABOVE LAKE LOUISE,11/9/2013,CHLORIDE DISSOLVED,0.13,MG/L,,120
BOW RIVER AT HIGHWAY 1 ABOVE LAKE LOUISE,11/9/2013,COPPER TOTAL,0.22,UG/L,,2
BOW RIVER AT HIGHWAY 1 ABOVE LAKE LOUISE,11/9/2013,LEAD TOTAL,0.056,UG/L,,2.364141
BOW RIVER AT HIGHWAY 1 ABOVE LAKE LOUISE,11/9/2013,NICKEL TOTAL,0.11,UG/L,,80.048737
BOW RIVER AT HIGHWAY 1 ABOVE LAKE LOUISE,11/9/2013,NITROGEN TOTAL,0.095,MG/L,,1
BOW RIVER AT HIGHWAY 1 ABOVE LAKE LOUISE,11/9/2013,OXYGEN DISSOLVED,8.89,MG/L,6.5,
BOW RIVER AT HIGHWAY 1 ABOVE LAKE LOUISE,11/9/2013,PHOSPHORUS TOTAL,0.002,MG/L,,0.05
BOW RIVER AT HIGHWAY 1 ABOVE LAKE LOUISE,11/9/2013,ZINC TOTAL,0.2,UG/L,,7.5
BOW RIVER AT HIGHWAY 1 ABOVE LAKE LOUISE,8/12/2015,AMMONIA DISSOLVED,0.005,MG/L,,0.019
BOW RIVER AT HIGHWAY 1 ABOVE LAKE LOUISE,8/12/2015,ARSENIC TOTAL,0.05,UG/L,,5
BOW RIVER AT HIGHWAY 1 ABOVE LAKE LOUISE,8/12/2015,CHLORIDE DISSOLVED,0.33,MG/L,,120
BOW RIVER AT HIGHWAY 1 ABOVE LAKE LOUISE,8/12/2015,COPPER TOTAL,0.08,UG/L,,2.370202
BOW RIVER AT HIGHWAY 1 ABOVE LAKE LOUISE,8/12/2015,LEAD TOTAL,0.012,UG/L,,3.19249
BOW RIVER AT HIGHWAY 1 ABOVE LAKE LOUISE,8/12/2015,NICKEL TOTAL,0.03,UG/L,,95.772039
BOW RIVER AT HIGHWAY 1 ABOVE LAKE LOUISE,8/12/2015,NITROGEN TOTAL,0.065,MG/L,,1
BOW RIVER AT HIGHWAY 1 ABOVE LAKE LOUISE,8/12/2015,OXYGEN DISSOLVED,12.05,MG/L,6.5,
BOW RIVER AT HIGHWAY 1 ABOVE LAKE LOUISE,8/12/2015,PHOSPHORUS TOTAL,0.002,MG/L,,0.05
BOW RIVER AT HIGHWAY 1 ABOVE LAKE LOUISE,8/12/2015,ZINC TOTAL,0.2,UG/L,,15.20175
BOW RIVER AT HIGHWAY 1 ABOVE LAKE LOUISE,19/01/2016,AMMONIA DISSOLVED,0.007,MG/L,,0.019
BOW RIVER AT HIGHWAY 1 ABOVE LAKE LOUISE,19/01/2016,ARSENIC TOTAL,0.05,UG/L,,5
BOW RIVER AT HIGHWAY 1 ABOVE LAKE LOUISE,19/01/2016,CHLORIDE DISSOLVED,0.32,MG/L,,120
BOW RIVER AT HIGHWAY 1 ABOVE LAKE LOUISE,19/01/2016,COPPER TOTAL,0.09,UG/L,,2.511796
BOW RIVER AT HIGHWAY 1 ABOVE LAKE LOUISE,19/01/2016,LEAD TOTAL,0.005,UG/L,,3.480726
BOW RIVER AT HIGHWAY 1 ABOVE LAKE LOUISE,19/01/2016,NICKEL TOTAL,0.05,UG/L,,100.844195
BOW RIVER AT HIGHWAY 1 ABOVE LAKE LOUISE,19/01/2016,NITROGEN TOTAL,0.155,MG/L,,1
BOW RIVER AT HIGHWAY 1 ABOVE LAKE LOUISE,19/01/2016,OXYGEN DISSOLVED,12.06,MG/L,6.5,
BOW RIVER AT HIGHWAY 1 ABOVE LAKE LOUISE,19/01/2016,PHOSPHORUS TOTAL,0.002,MG/L,,0.05
BOW RIVER AT HIGHWAY 1 ABOVE LAKE LOUISE,19/01/2016,ZINC TOTAL,0.2,UG/L,,20.4855
BOW RIVER AT HIGHWAY 1 ABOVE LAKE LOUISE,10/2/2016,AMMONIA DISSOLVED,0.005,MG/L,,0.019
BOW RIVER AT HIGHWAY 1 ABOVE LAKE LOUISE,10/2/2016,ARSENIC TOTAL,0.05,UG/L,,5
BOW RIVER AT HIGHWAY 1 ABOVE LAKE LOUISE,10/2/2016,CHLORIDE DISSOLVED,0.29,MG/L,,120
BOW RIVER AT HIGHWAY 1 ABOVE LAKE LOUISE,10/2/2016,COPPER TOTAL,0.07,UG/L,,2.602621
BOW RIVER AT HIGHWAY 1 ABOVE LAKE LOUISE,10/2/2016,LEAD TOTAL,0.005,UG/L,,3.66988
BOW RIVER AT HIGHWAY 1 ABOVE LAKE LOUISE,10/2/2016,NICKEL TOTAL,0.04,UG/L,,104.081003
BOW RIVER AT HIGHWAY 1 ABOVE LAKE LOUISE,10/2/2016,NITROGEN TOTAL,0.127,MG/L,,1
BOW RIVER AT HIGHWAY 1 ABOVE LAKE LOUISE,10/2/2016,OXYGEN DISSOLVED,12.23,MG/L,6.5,
BOW RIVER AT HIGHWAY 1 ABOVE LAKE LOUISE,10/2/2016,PHOSPHORUS TOTAL,0.002,MG/L,,0.05
BOW RIVER AT HIGHWAY 1 ABOVE LAKE LOUISE,10/2/2016,ZINC TOTAL,0.2,UG/L,,23.90175
BOW RIVER AT HIGHWAY 1 ABOVE LAKE LOUISE,22/03/2016,AMMONIA DISSOLVED,0.005,MG/L,,0.019
BOW RIVER AT HIGHWAY 1 ABOVE LAKE LOUISE,22/03/2016,ARSENIC TOTAL,0.05,UG/L,,5
BOW RIVER AT HIGHWAY 1 ABOVE LAKE LOUISE,22/03/2016,CHLORIDE DISSOLVED,0.28,MG/L,,120
BOW RIVER AT HIGHWAY 1 ABOVE LAKE LOUISE,22/03/2016,COPPER TOTAL,0.09,UG/L,,2.576297
BOW RIVER AT HIGHWAY 1 ABOVE LAKE LOUISE,22/03/2016,LEAD TOTAL,0.012,UG/L,,3.614719
BOW RIVER AT HIGHWAY 1 ABOVE LAKE LOUISE,22/03/2016,NICKEL TOTAL,0.05,UG/L,,103.144187
BOW RIVER AT HIGHWAY 1 ABOVE LAKE LOUISE,22/03/2016,NITROGEN TOTAL,0.0868,MG/L,,1
BOW RIVER AT HIGHWAY 1 ABOVE LAKE LOUISE,22/03/2016,OXYGEN DISSOLVED,12,MG/L,6.5,
BOW RIVER AT HIGHWAY 1 ABOVE LAKE LOUISE,22/03/2016,PHOSPHORUS TOTAL,0.002,MG/L,,0.05
BOW RIVER AT HIGHWAY 1 ABOVE LAKE LOUISE,22/03/2016,ZINC TOTAL,0.2,UG/L,,22.9095
BOW RIVER AT HIGHWAY 1 ABOVE LAKE LOUISE,12/4/2016,AMMONIA DISSOLVED,0.006,MG/L,,0.019
BOW RIVER AT HIGHWAY 1 ABOVE LAKE LOUISE,12/4/2016,ARSENIC TOTAL,0.08,UG/L,,5
BOW RIVER AT HIGHWAY 1 ABOVE LAKE LOUISE,12/4/2016,CHLORIDE DISSOLVED,0.68,MG/L,,120
BOW RIVER AT HIGHWAY 1 ABOVE LAKE LOUISE,12/4/2016,COPPER TOTAL,0.16,UG/L,,2.526769
BOW RIVER AT HIGHWAY 1 ABOVE LAKE LOUISE,12/4/2016,LEAD TOTAL,0.018,UG/L,,3.511682
BOW RIVER AT HIGHWAY 1 ABOVE LAKE LOUISE,12/4/2016,NICKEL TOTAL,0.08,UG/L,,101.37867
BOW RIVER AT HIGHWAY 1 ABOVE LAKE LOUISE,12/4/2016,NITROGEN TOTAL,0.154,MG/L,,1
BOW RIVER AT HIGHWAY 1 ABOVE LAKE LOUISE,12/4/2016,OXYGEN DISSOLVED,11.09,MG/L,6.5,
BOW RIVER AT HIGHWAY 1 ABOVE LAKE LOUISE,12/4/2016,PHOSPHORUS TOTAL,0.002,MG/L,,0.05
BOW RIVER AT HIGHWAY 1 ABOVE LAKE LOUISE,12/4/2016,ZINC TOTAL,0.2,UG/L,,21.04725
BOW RIVER AT HIGHWAY 1 ABOVE LAKE LOUISE,4/5/2016,AMMONIA DISSOLVED,0.005,MG/L,,0.019
BOW RIVER AT HIGHWAY 1 ABOVE LAKE LOUISE,4/5/2016,ARSENIC TOTAL,0.05,UG/L,,5
BOW RIVER AT HIGHWAY 1 ABOVE LAKE LOUISE,4/5/2016,CHLORIDE DISSOLVED,0.23,MG/L,,120
BOW RIVER AT HIGHWAY 1 ABOVE LAKE LOUISE,4/5/2016,COPPER TOTAL,0.17,UG/L,,2.18413
BOW RIVER AT HIGHWAY 1 ABOVE LAKE LOUISE,4/5/2016,LEAD TOTAL,0.023,UG/L,,2.826393
BOW RIVER AT HIGHWAY 1 ABOVE LAKE LOUISE,4/5/2016,NICKEL TOTAL,0.09,UG/L,,89.055035
BOW RIVER AT HIGHWAY 1 ABOVE LAKE LOUISE,4/5/2016,NITROGEN TOTAL,0.142,MG/L,,1
BOW RIVER AT HIGHWAY 1 ABOVE LAKE LOUISE,4/5/2016,OXYGEN DISSOLVED,10.65,MG/L,6.5,
BOW RIVER AT HIGHWAY 1 ABOVE LAKE LOUISE,4/5/2016,PHOSPHORUS TOTAL,0.0055,MG/L,,0.05
BOW RIVER AT HIGHWAY 1 ABOVE LAKE LOUISE,4/5/2016,ZINC TOTAL,0.2,UG/L,,8.34
BOW RIVER AT HIGHWAY 1 ABOVE LAKE LOUISE,28/06/2016,AMMONIA DISSOLVED,0.005,MG/L,,0.019
BOW RIVER AT HIGHWAY 1 ABOVE LAKE LOUISE,28/06/2016,ARSENIC TOTAL,0.05,UG/L,,5
BOW RIVER AT HIGHWAY 1 ABOVE LAKE LOUISE,28/06/2016,CHLORIDE DISSOLVED,0.18,MG/L,,120
BOW RIVER AT HIGHWAY 1 ABOVE LAKE LOUISE,28/06/2016,COPPER TOTAL,0.13,UG/L,,2.201773
BOW RIVER AT HIGHWAY 1 ABOVE LAKE LOUISE,28/06/2016,LEAD TOTAL,0.021,UG/L,,2.860474
BOW RIVER AT HIGHWAY 1 ABOVE LAKE LOUISE,28/06/2016,NICKEL TOTAL,0.06,UG/L,,89.694584
BOW RIVER AT HIGHWAY 1 ABOVE LAKE LOUISE,28/06/2016,NITROGEN TOTAL,0.1,MG/L,,1
BOW RIVER AT HIGHWAY 1 ABOVE LAKE LOUISE,28/06/2016,OXYGEN DISSOLVED,8.64,MG/L,6.5,
BOW RIVER AT HIGHWAY 1 ABOVE LAKE LOUISE,28/06/2016,PHOSPHORUS TOTAL,0.0025,MG/L,,0.05
BOW RIVER AT HIGHWAY 1 ABOVE LAKE LOUISE,28/06/2016,ZINC TOTAL,0.2,UG/L,,8.9865
BOW RIVER AT HIGHWAY 1 ABOVE LAKE LOUISE,19/07/2016,AMMONIA DISSOLVED,0.005,MG/L,,0.019
BOW RIVER AT HIGHWAY 1 ABOVE LAKE LOUISE,19/07/2016,ARSENIC TOTAL,0.06,UG/L,,5
BOW RIVER AT HIGHWAY 1 ABOVE LAKE LOUISE,19/07/2016,CHLORIDE DISSOLVED,0.19,MG/L,,120
BOW RIVER AT HIGHWAY 1 ABOVE LAKE LOUISE,19/07/2016,COPPER TOTAL,0.14,UG/L,,2.166175
BOW RIVER AT HIGHWAY 1 ABOVE LAKE LOUISE,19/07/2016,LEAD TOTAL,0.023,UG/L,,2.791849
BOW RIVER AT HIGHWAY 1 ABOVE LAKE LOUISE,19/07/2016,NICKEL TOTAL,0.07,UG/L,,88.403609
BOW RIVER AT HIGHWAY 1 ABOVE LAKE LOUISE,19/07/2016,NITROGEN TOTAL,0.081,MG/L,,1
BOW RIVER AT HIGHWAY 1 ABOVE LAKE LOUISE,19/07/2016,OXYGEN DISSOLVED,8.51,MG/L,6.5,
BOW RIVER AT HIGHWAY 1 ABOVE LAKE LOUISE,19/07/2016,PHOSPHORUS TOTAL,0.0021,MG/L,,0.05
BOW RIVER AT HIGHWAY 1 ABOVE LAKE LOUISE,19/07/2016,ZINC TOTAL,0.9,UG/L,,7.683
BOW RIVER AT HIGHWAY 1 ABOVE LAKE LOUISE,17/08/2016,AMMONIA DISSOLVED,0.005,MG/L,,0.019
BOW RIVER AT HIGHWAY 1 ABOVE LAKE LOUISE,17/08/2016,ARSENIC TOTAL,0.06,UG/L,,5
BOW RIVER AT HIGHWAY 1 ABOVE LAKE LOUISE,17/08/2016,CHLORIDE DISSOLVED,0.19,MG/L,,120
BOW RIVER AT HIGHWAY 1 ABOVE LAKE LOUISE,17/08/2016,COPPER TOTAL,0.05,UG/L,,2
BOW RIVER AT HIGHWAY 1 ABOVE LAKE LOUISE,17/08/2016,LEAD TOTAL,0.031,UG/L,,2.639406
BOW RIVER AT HIGHWAY 1 ABOVE LAKE LOUISE,17/08/2016,NICKEL TOTAL,0.02,UG/L,,85.489236
BOW RIVER AT HIGHWAY 1 ABOVE LAKE LOUISE,17/08/2016,NITROGEN TOTAL,0.036,MG/L,,1
BOW RIVER AT HIGHWAY 1 ABOVE LAKE LOUISE,17/08/2016,OXYGEN DISSOLVED,8.6,MG/L,6.5,
BOW RIVER AT HIGHWAY 1 ABOVE LAKE LOUISE,17/08/2016,PHOSPHORUS TOTAL,0.0022,MG/L,,0.05
BOW RIVER AT HIGHWAY 1 ABOVE LAKE LOUISE,17/08/2016,ZINC TOTAL,0.2,UG/L,,7.5
BOW RIVER AT HIGHWAY 1 ABOVE LAKE LOUISE,7/9/2016,AMMONIA DISSOLVED,0.005,MG/L,,0.019
BOW RIVER AT HIGHWAY 1 ABOVE LAKE LOUISE,7/9/2016,ARSENIC TOTAL,0.06,UG/L,,5
BOW RIVER AT HIGHWAY 1 ABOVE LAKE LOUISE,7/9/2016,CHLORIDE DISSOLVED,0.21,MG/L,,120
BOW RIVER AT HIGHWAY 1 ABOVE LAKE LOUISE,7/9/2016,COPPER TOTAL,0.18,UG/L,,2.204514
BOW RIVER AT HIGHWAY 1 ABOVE LAKE LOUISE,7/9/2016,LEAD TOTAL,0.022,UG/L,,2.86578
BOW RIVER AT HIGHWAY 1 ABOVE LAKE LOUISE,7/9/2016,NICKEL TOTAL,0.07,UG/L,,89.793874
BOW RIVER AT HIGHWAY 1 ABOVE LAKE LOUISE,7/9/2016,NITROGEN TOTAL,0.081,MG/L,,1
BOW RIVER AT HIGHWAY 1 ABOVE LAKE LOUISE,7/9/2016,OXYGEN DISSOLVED,9.19,MG/L,6.5,
BOW RIVER AT HIGHWAY 1 ABOVE LAKE LOUISE,7/9/2016,PHOSPHORUS TOTAL,0.0102,MG/L,,0.05
BOW RIVER AT HIGHWAY 1 ABOVE LAKE LOUISE,7/9/2016,ZINC TOTAL,0.2,UG/L,,9.087
BOW RIVER AT HIGHWAY 1 ABOVE LAKE LOUISE,19/10/2016,AMMONIA DISSOLVED,0.005,MG/L,,0.019
BOW RIVER AT HIGHWAY 1 ABOVE LAKE LOUISE,19/10/2016,ARSENIC TOTAL,0.05,UG/L,,5
BOW RIVER AT HIGHWAY 1 ABOVE LAKE LOUISE,19/10/2016,CHLORIDE DISSOLVED,0.25,MG/L,,120
BOW RIVER AT HIGHWAY 1 ABOVE LAKE LOUISE,19/10/2016,COPPER TOTAL,0.14,UG/L,,2.181651
BOW RIVER AT HIGHWAY 1 ABOVE LAKE LOUISE,19/10/2016,LEAD TOTAL,0.007,UG/L,,2.821616
BOW RIVER AT HIGHWAY 1 ABOVE LAKE LOUISE,19/10/2016,NICKEL TOTAL,0.07,UG/L,,88.965144
BOW RIVER AT HIGHWAY 1 ABOVE LAKE LOUISE,19/10/2016,NITROGEN TOTAL,0.023,MG/L,,1
BOW RIVER AT HIGHWAY 1 ABOVE LAKE LOUISE,19/10/2016,OXYGEN DISSOLVED,10.85,MG/L,6.5,
BOW RIVER AT HIGHWAY 1 ABOVE LAKE LOUISE,19/10/2016,PHOSPHORUS TOTAL,0.0022,MG/L,,0.05
BOW RIVER AT HIGHWAY 1 ABOVE LAKE LOUISE,19/10/2016,ZINC TOTAL,0.2,UG/L,,8.24925
BOW RIVER AT HIGHWAY 1 ABOVE LAKE LOUISE,23/11/2016,AMMONIA DISSOLVED,0.005,MG/L,,0.019
BOW RIVER AT HIGHWAY 1 ABOVE LAKE LOUISE,23/11/2016,ARSENIC TOTAL,0.05,UG/L,,5
BOW RIVER AT HIGHWAY 1 ABOVE LAKE LOUISE,23/11/2016,CHLORIDE DISSOLVED,0.26,MG/L,,120
BOW RIVER AT HIGHWAY 1 ABOVE LAKE LOUISE,23/11/2016,COPPER TOTAL,0.34,UG/L,,2.403755
BOW RIVER AT HIGHWAY 1 ABOVE LAKE LOUISE,23/11/2016,LEAD TOTAL,0.012,UG/L,,3.26005
BOW RIVER AT HIGHWAY 1 ABOVE LAKE LOUISE,23/11/2016,NICKEL TOTAL,0.07,UG/L,,96.976936
BOW RIVER AT HIGHWAY 1 ABOVE LAKE LOUISE,23/11/2016,NITROGEN TOTAL,0.122,MG/L,,1
BOW RIVER AT HIGHWAY 1 ABOVE LAKE LOUISE,23/11/2016,OXYGEN DISSOLVED,12.12,MG/L,6.5,
BOW RIVER AT HIGHWAY 1 ABOVE LAKE LOUISE,23/11/2016,PHOSPHORUS TOTAL,0.002,MG/L,,0.05
BOW RIVER AT HIGHWAY 1 ABOVE LAKE LOUISE,23/11/2016,ZINC TOTAL,10.3,UG/L,,16.44909
BOW RIVER AT HIGHWAY 1 ABOVE LAKE LOUISE,6/12/2016,AMMONIA DISSOLVED,0.005,MG/L,,0.019
BOW RIVER AT HIGHWAY 1 ABOVE LAKE LOUISE,6/12/2016,ARSENIC TOTAL,0.05,UG/L,,5
BOW RIVER AT HIGHWAY 1 ABOVE LAKE LOUISE,6/12/2016,CHLORIDE DISSOLVED,0.27,MG/L,,120
BOW RIVER AT HIGHWAY 1 ABOVE LAKE LOUISE,6/12/2016,COPPER TOTAL,0.11,UG/L,,2.515296
BOW RIVER AT HIGHWAY 1 ABOVE LAKE LOUISE,6/12/2016,LEAD TOTAL,0.006,UG/L,,3.487954
BOW RIVER AT HIGHWAY 1 ABOVE LAKE LOUISE,6/12/2016,NICKEL TOTAL,0.06,UG/L,,100.969152
BOW RIVER AT HIGHWAY 1 ABOVE LAKE LOUISE,6/12/2016,NITROGEN TOTAL,0.139,MG/L,,1
BOW RIVER AT HIGHWAY 1 ABOVE LAKE LOUISE,6/12/2016,OXYGEN DISSOLVED,12.05,MG/L,6.5,
BOW RIVER AT HIGHWAY 1 ABOVE LAKE LOUISE,6/12/2016,PHOSPHORUS TOTAL,0.0039,MG/L,,0.05
BOW RIVER AT HIGHWAY 1 ABOVE LAKE LOUISE,6/12/2016,ZINC TOTAL,0.5,UG/L,,20.61675
BOW RIVER ABOUT 4.5 KM ABOVE CANMORE,10/9/2013,AMMONIA DISSOLVED,0.021,MG/L,,0.019
BOW RIVER ABOUT 4.5 KM ABOVE CANMORE,10/9/2013,ARSENIC TOTAL,0.09,UG/L,,5
BOW RIVER ABOUT 4.5 KM ABOVE CANMORE,10/9/2013,CHLORIDE DISSOLVED,1.34,MG/L,,120
BOW RIVER ABOUT 4.5 KM ABOVE CANMORE,10/9/2013,COPPER TOTAL,0.19,UG/L,,3.13076
BOW RIVER ABOUT 4.5 KM ABOVE CANMORE,10/9/2013,LEAD TOTAL,0.007,UG/L,,4.832684
BOW RIVER ABOUT 4.5 KM ABOVE CANMORE,10/9/2013,NICKEL TOTAL,0.23,UG/L,,122.669501
BOW RIVER ABOUT 4.5 KM ABOVE CANMORE,10/9/2013,NITROGEN TOTAL,0.109,MG/L,,1
BOW RIVER ABOUT 4.5 KM ABOVE CANMORE,10/9/2013,OXYGEN DISSOLVED,9.49,MG/L,6.5,
BOW RIVER ABOUT 4.5 KM ABOVE CANMORE,10/9/2013,PHOSPHORUS TOTAL,0.005,MG/L,,0.05
BOW RIVER ABOUT 4.5 KM ABOVE CANMORE,10/9/2013,ZINC TOTAL,0.6,UG/L,,44.153175
BOW RIVER ABOUT 4.5 KM ABOVE CANMORE,8/12/2015,AMMONIA DISSOLVED,0.008,MG/L,,0.019
BOW RIVER ABOUT 4.5 KM ABOVE CANMORE,8/12/2015,ARSENIC TOTAL,0.06,UG/L,,5
BOW RIVER ABOUT 4.5 KM ABOVE CANMORE,8/12/2015,CHLORIDE DISSOLVED,2.16,MG/L,,120
BOW RIVER ABOUT 4.5 KM ABOVE CANMORE,8/12/2015,COPPER TOTAL,0.06,UG/L,,3.762202
BOW RIVER ABOUT 4.5 KM ABOVE CANMORE,8/12/2015,LEAD TOTAL,0.017,UG/L,,6.354186
BOW RIVER ABOUT 4.5 KM ABOVE CANMORE,8/12/2015,NICKEL TOTAL,0.14,UG/L,,144.44571
BOW RIVER ABOUT 4.5 KM ABOVE CANMORE,8/12/2015,NITROGEN TOTAL,0.114,MG/L,,1
BOW RIVER ABOUT 4.5 KM ABOVE CANMORE,8/12/2015,OXYGEN DISSOLVED,11.84,MG/L,6.5,
BOW RIVER ABOUT 4.5 KM ABOVE CANMORE,8/12/2015,PHOSPHORUS TOTAL,0.002,MG/L,,0.05
BOW RIVER ABOUT 4.5 KM ABOVE CANMORE,8/12/2015,ZINC TOTAL,0.5,UG/L,,69.13725
BOW RIVER ABOUT 4.5 KM ABOVE CANMORE,19/01/2016,AMMONIA DISSOLVED,0.009,MG/L,,0.019
BOW RIVER ABOUT 4.5 KM ABOVE CANMORE,19/01/2016,ARSENIC TOTAL,0.09,UG/L,,5
BOW RIVER ABOUT 4.5 KM ABOVE CANMORE,19/01/2016,CHLORIDE DISSOLVED,1.36,MG/L,,120
BOW RIVER ABOUT 4.5 KM ABOVE CANMORE,19/01/2016,COPPER TOTAL,0.06,UG/L,,4.079526
BOW RIVER ABOUT 4.5 KM ABOVE CANMORE,19/01/2016,LEAD TOTAL,0.024,UG/L,,7.168878
BOW RIVER ABOUT 4.5 KM ABOVE CANMORE,19/01/2016,NICKEL TOTAL,0.19,UG/L,,155.232632
BOW RIVER ABOUT 4.5 KM ABOVE CANMORE,19/01/2016,NITROGEN TOTAL,0.223,MG/L,,1
BOW RIVER ABOUT 4.5 KM ABOVE CANMORE,19/01/2016,OXYGEN DISSOLVED,12.14,MG/L,6.5,
BOW RIVER ABOUT 4.5 KM ABOVE CANMORE,19/01/2016,PHOSPHORUS TOTAL,0.002,MG/L,,0.05
BOW RIVER ABOUT 4.5 KM ABOVE CANMORE,19/01/2016,ZINC TOTAL,0.5,UG/L,,81.9735
BOW RIVER ABOUT 4.5 KM ABOVE CANMORE,10/2/2016,AMMONIA DISSOLVED,0.007,MG/L,,0.019
BOW RIVER ABOUT 4.5 KM ABOVE CANMORE,10/2/2016,ARSENIC TOTAL,0.03,UG/L,,5
BOW RIVER ABOUT 4.5 KM ABOVE CANMORE,10/2/2016,CHLORIDE DISSOLVED,0.39,MG/L,,120
BOW RIVER ABOUT 4.5 KM ABOVE CANMORE,10/2/2016,COPPER TOTAL,0.03,UG/L,,3.721107
BOW RIVER ABOUT 4.5 KM ABOVE CANMORE,10/2/2016,LEAD TOTAL,0.01,UG/L,,6.251061
BOW RIVER ABOUT 4.5 KM ABOVE CANMORE,10/2/2016,NICKEL TOTAL,0.07,UG/L,,143.041534
BOW RIVER ABOUT 4.5 KM ABOVE CANMORE,10/2/2016,NITROGEN TOTAL,0.263,MG/L,,1
BOW RIVER ABOUT 4.5 KM ABOVE CANMORE,10/2/2016,OXYGEN DISSOLVED,12.11,MG/L,6.5,
BOW RIVER ABOUT 4.5 KM ABOVE CANMORE,10/2/2016,PHOSPHORUS TOTAL,0.002,MG/L,,0.05
BOW RIVER ABOUT 4.5 KM ABOVE CANMORE,10/2/2016,ZINC TOTAL,0.2,UG/L,,67.488
BOW RIVER ABOUT 4.5 KM ABOVE CANMORE,22/03/2016,AMMONIA DISSOLVED,0.007,MG/L,,0.019
BOW RIVER ABOUT 4.5 KM ABOVE CANMORE,22/03/2016,ARSENIC TOTAL,0.09,UG/L,,5
BOW RIVER ABOUT 4.5 KM ABOVE CANMORE,22/03/2016,CHLORIDE DISSOLVED,2.18,MG/L,,120
BOW RIVER ABOUT 4.5 KM ABOVE CANMORE,22/03/2016,COPPER TOTAL,0.12,UG/L,,4.184559
BOW RIVER ABOUT 4.5 KM ABOVE CANMORE,22/03/2016,LEAD TOTAL,0.021,UG/L,,7.445571
BOW RIVER ABOUT 4.5 KM ABOVE CANMORE,22/03/2016,NICKEL TOTAL,0.25,UG/L,,158.782283
BOW RIVER ABOUT 4.5 KM ABOVE CANMORE,22/03/2016,NITROGEN TOTAL,0.153,MG/L,,1
BOW RIVER ABOUT 4.5 KM ABOVE CANMORE,22/03/2016,OXYGEN DISSOLVED,11.42,MG/L,6.5,
BOW RIVER ABOUT 4.5 KM ABOVE CANMORE,22/03/2016,PHOSPHORUS TOTAL,0.003,MG/L,,0.05
BOW RIVER ABOUT 4.5 KM ABOVE CANMORE,22/03/2016,ZINC TOTAL,0.7,UG/L,,86.2605
BOW RIVER ABOUT 4.5 KM ABOVE CANMORE,12/4/2016,AMMONIA DISSOLVED,0.006,MG/L,,0.019
BOW RIVER ABOUT 4.5 KM ABOVE CANMORE,12/4/2016,ARSENIC TOTAL,0.07,UG/L,,5
BOW RIVER ABOUT 4.5 KM ABOVE CANMORE,12/4/2016,CHLORIDE DISSOLVED,3.63,MG/L,,120
BOW RIVER ABOUT 4.5 KM ABOVE CANMORE,12/4/2016,COPPER TOTAL,0.11,UG/L,,3.909033
BOW RIVER ABOUT 4.5 KM ABOVE CANMORE,12/4/2016,LEAD TOTAL,0.026,UG/L,,6.727138
BOW RIVER ABOUT 4.5 KM ABOVE CANMORE,12/4/2016,NICKEL TOTAL,0.19,UG/L,,149.448988
BOW RIVER ABOUT 4.5 KM ABOVE CANMORE,12/4/2016,NITROGEN TOTAL,0.167,MG/L,,1
BOW RIVER ABOUT 4.5 KM ABOVE CANMORE,12/4/2016,OXYGEN DISSOLVED,10.39,MG/L,6.5,
BOW RIVER ABOUT 4.5 KM ABOVE CANMORE,12/4/2016,PHOSPHORUS TOTAL,0.002,MG/L,,0.05
BOW RIVER ABOUT 4.5 KM ABOVE CANMORE,12/4/2016,ZINC TOTAL,0.8,UG/L,,75.05475
BOW RIVER ABOUT 4.5 KM ABOVE CANMORE,4/5/2016,AMMONIA DISSOLVED,0.007,MG/L,,0.019
BOW RIVER ABOUT 4.5 KM ABOVE CANMORE,4/5/2016,ARSENIC TOTAL,0.14,UG/L,,5
BOW RIVER ABOUT 4.5 KM ABOVE CANMORE,4/5/2016,CHLORIDE DISSOLVED,1.29,MG/L,,120
BOW RIVER ABOUT 4.5 KM ABOVE CANMORE,4/5/2016,COPPER TOTAL,0.39,UG/L,,3.084025
BOW RIVER ABOUT 4.5 KM ABOVE CANMORE,4/5/2016,LEAD TOTAL,0.218,UG/L,,4.725606
BOW RIVER ABOUT 4.5 KM ABOVE CANMORE,4/5/2016,NICKEL TOTAL,0.51,UG/L,,121.039494
BOW RIVER ABOUT 4.5 KM ABOVE CANMORE,4/5/2016,NITROGEN TOTAL,0.21,MG/L,,1
BOW RIVER ABOUT 4.5 KM ABOVE CANMORE,4/5/2016,OXYGEN DISSOLVED,10.2,MG/L,6.5,
BOW RIVER ABOUT 4.5 KM ABOVE CANMORE,4/5/2016,PHOSPHORUS TOTAL,0.019,MG/L,,0.05
BOW RIVER ABOUT 4.5 KM ABOVE CANMORE,4/5/2016,ZINC TOTAL,1.9,UG/L,,42.336
BOW RIVER ABOUT 4.5 KM ABOVE CANMORE,28/06/2016,AMMONIA DISSOLVED,0.005,MG/L,,0.019
BOW RIVER ABOUT 4.5 KM ABOVE CANMORE,28/06/2016,ARSENIC TOTAL,0.09,UG/L,,5
BOW RIVER ABOUT 4.5 KM ABOVE CANMORE,28/06/2016,CHLORIDE DISSOLVED,0.98,MG/L,,120
BOW RIVER ABOUT 4.5 KM ABOVE CANMORE,28/06/2016,COPPER TOTAL,0.15,UG/L,,2.856696
BOW RIVER ABOUT 4.5 KM ABOVE CANMORE,28/06/2016,LEAD TOTAL,0.048,UG/L,,4.216161
BOW RIVER ABOUT 4.5 KM ABOVE CANMORE,28/06/2016,NICKEL TOTAL,0.2,UG/L,,113.07089
BOW RIVER ABOUT 4.5 KM ABOVE CANMORE,28/06/2016,NITROGEN TOTAL,0.088,MG/L,,1
BOW RIVER ABOUT 4.5 KM ABOVE CANMORE,28/06/2016,OXYGEN DISSOLVED,9.4,MG/L,6.5,
BOW RIVER ABOUT 4.5 KM ABOVE CANMORE,28/06/2016,PHOSPHORUS TOTAL,0.004,MG/L,,0.05
BOW RIVER ABOUT 4.5 KM ABOVE CANMORE,28/06/2016,ZINC TOTAL,0.8,UG/L,,33.56475
BOW RIVER ABOUT 4.5 KM ABOVE CANMORE,19/07/2016,AMMONIA DISSOLVED,0.005,MG/L,,0.019
BOW RIVER ABOUT 4.5 KM ABOVE CANMORE,19/07/2016,ARSENIC TOTAL,0.1,UG/L,,5
BOW RIVER ABOUT 4.5 KM ABOVE CANMORE,19/07/2016,CHLORIDE DISSOLVED,0.84,MG/L,,120
BOW RIVER ABOUT 4.5 KM ABOVE CANMORE,19/07/2016,COPPER TOTAL,0.18,UG/L,,2.947303
BOW RIVER ABOUT 4.5 KM ABOVE CANMORE,19/07/2016,LEAD TOTAL,0.079,UG/L,,4.41692
BOW RIVER ABOUT 4.5 KM ABOVE CANMORE,19/07/2016,NICKEL TOTAL,0.26,UG/L,,116.255069
BOW RIVER ABOUT 4.5 KM ABOVE CANMORE,19/07/2016,NITROGEN TOTAL,0.088,MG/L,,1
BOW RIVER ABOUT 4.5 KM ABOVE CANMORE,19/07/2016,OXYGEN DISSOLVED,9.35,MG/L,6.5,
BOW RIVER ABOUT 4.5 KM ABOVE CANMORE,19/07/2016,PHOSPHORUS TOTAL,0.005,MG/L,,0.05
BOW RIVER ABOUT 4.5 KM ABOVE CANMORE,19/07/2016,ZINC TOTAL,0.8,UG/L,,37.047
BOW RIVER ABOUT 4.5 KM ABOVE CANMORE,17/08/2016,AMMONIA DISSOLVED,0.005,MG/L,,0.019
BOW RIVER ABOUT 4.5 KM ABOVE CANMORE,17/08/2016,ARSENIC TOTAL,0.08,UG/L,,5
BOW RIVER ABOUT 4.5 KM ABOVE CANMORE,17/08/2016,CHLORIDE DISSOLVED,1.1,MG/L,,120
BOW RIVER ABOUT 4.5 KM ABOVE CANMORE,17/08/2016,COPPER TOTAL,0.05,UG/L,,2.913501
BOW RIVER ABOUT 4.5 KM ABOVE CANMORE,17/08/2016,LEAD TOTAL,0.039,UG/L,,4.341666
BOW RIVER ABOUT 4.5 KM ABOVE CANMORE,17/08/2016,NICKEL TOTAL,0.05,UG/L,,115.068463
BOW RIVER ABOUT 4.5 KM ABOVE CANMORE,17/08/2016,NITROGEN TOTAL,0.093,MG/L,,1
BOW RIVER ABOUT 4.5 KM ABOVE CANMORE,17/08/2016,OXYGEN DISSOLVED,9.21,MG/L,6.5,
BOW RIVER ABOUT 4.5 KM ABOVE CANMORE,17/08/2016,PHOSPHORUS TOTAL,0.003,MG/L,,0.05
BOW RIVER ABOUT 4.5 KM ABOVE CANMORE,17/08/2016,ZINC TOTAL,0.4,UG/L,,35.74575
BOW RIVER ABOUT 4.5 KM ABOVE CANMORE,7/9/2016,AMMONIA DISSOLVED,0.008,MG/L,,0.019
BOW RIVER ABOUT 4.5 KM ABOVE CANMORE,7/9/2016,ARSENIC TOTAL,0.06,UG/L,,5
BOW RIVER ABOUT 4.5 KM ABOVE CANMORE,7/9/2016,CHLORIDE DISSOLVED,1.32,MG/L,,120
BOW RIVER ABOUT 4.5 KM ABOVE CANMORE,7/9/2016,COPPER TOTAL,0.12,UG/L,,3.19578
BOW RIVER ABOUT 4.5 KM ABOVE CANMORE,7/9/2016,LEAD TOTAL,0.022,UG/L,,4.982962
BOW RIVER ABOUT 4.5 KM ABOVE CANMORE,7/9/2016,NICKEL TOTAL,0.17,UG/L,,124.932784
BOW RIVER ABOUT 4.5 KM ABOVE CANMORE,7/9/2016,NITROGEN TOTAL,0.127,MG/L,,1
BOW RIVER ABOUT 4.5 KM ABOVE CANMORE,7/9/2016,OXYGEN DISSOLVED,9.95,MG/L,6.5,
BOW RIVER ABOUT 4.5 KM ABOVE CANMORE,7/9/2016,PHOSPHORUS TOTAL,0.002,MG/L,,0.05
BOW RIVER ABOUT 4.5 KM ABOVE CANMORE,7/9/2016,ZINC TOTAL,0.6,UG/L,,46.689
BOW RIVER ABOUT 4.5 KM ABOVE CANMORE,19/10/2016,AMMONIA DISSOLVED,0.005,MG/L,,0.019
BOW RIVER ABOUT 4.5 KM ABOVE CANMORE,19/10/2016,ARSENIC TOTAL,0.09,UG/L,,5
BOW RIVER ABOUT 4.5 KM ABOVE CANMORE,19/10/2016,CHLORIDE DISSOLVED,1.18,MG/L,,120
BOW RIVER ABOUT 4.5 KM ABOVE CANMORE,19/10/2016,COPPER TOTAL,0.13,UG/L,,3.680271
BOW RIVER ABOUT 4.5 KM ABOVE CANMORE,19/10/2016,LEAD TOTAL,0.034,UG/L,,6.149139
BOW RIVER ABOUT 4.5 KM ABOVE CANMORE,19/10/2016,NICKEL TOTAL,0.22,UG/L,,141.644538
BOW RIVER ABOUT 4.5 KM ABOVE CANMORE,19/10/2016,NITROGEN TOTAL,0.076,MG/L,,1
BOW RIVER ABOUT 4.5 KM ABOVE CANMORE,19/10/2016,OXYGEN DISSOLVED,10.98,MG/L,6.5,
BOW RIVER ABOUT 4.5 KM ABOVE CANMORE,19/10/2016,PHOSPHORUS TOTAL,0.004,MG/L,,0.05
BOW RIVER ABOUT 4.5 KM ABOVE CANMORE,19/10/2016,ZINC TOTAL,0.6,UG/L,,65.85225
BOW RIVER ABOUT 4.5 KM ABOVE CANMORE,23/11/2016,AMMONIA DISSOLVED,0.005,MG/L,,0.019
BOW RIVER ABOUT 4.5 KM ABOVE CANMORE,23/11/2016,ARSENIC TOTAL,0.07,UG/L,,5
BOW RIVER ABOUT 4.5 KM ABOVE CANMORE,23/11/2016,CHLORIDE DISSOLVED,1.76,MG/L,,120
BOW RIVER ABOUT 4.5 KM ABOVE CANMORE,23/11/2016,COPPER TOTAL,0.05,UG/L,,3.830396
BOW RIVER ABOUT 4.5 KM ABOVE CANMORE,23/11/2016,LEAD TOTAL,0.009,UG/L,,6.526528
BOW RIVER ABOUT 4.5 KM ABOVE CANMORE,23/11/2016,NICKEL TOTAL,0.15,UG/L,,146.772048
BOW RIVER ABOUT 4.5 KM ABOVE CANMORE,23/11/2016,NITROGEN TOTAL,0.167,MG/L,,1
BOW RIVER ABOUT 4.5 KM ABOVE CANMORE,23/11/2016,OXYGEN DISSOLVED,11.4,MG/L,6.5,
BOW RIVER ABOUT 4.5 KM ABOVE CANMORE,23/11/2016,PHOSPHORUS TOTAL,0.002,MG/L,,0.05
BOW RIVER ABOUT 4.5 KM ABOVE CANMORE,23/11/2016,ZINC TOTAL,0.3,UG/L,,71.88075
BOW RIVER ABOUT 4.5 KM ABOVE CANMORE,6/12/2016,AMMONIA DISSOLVED,0.007,MG/L,,0.019
BOW RIVER ABOUT 4.5 KM ABOVE CANMORE,6/12/2016,ARSENIC TOTAL,0.09,UG/L,,5
BOW RIVER ABOUT 4.5 KM ABOVE CANMORE,6/12/2016,CHLORIDE DISSOLVED,1.63,MG/L,,120
BOW RIVER ABOUT 4.5 KM ABOVE CANMORE,6/12/2016,COPPER TOTAL,0.09,UG/L,,4.093076
BOW RIVER ABOUT 4.5 KM ABOVE CANMORE,6/12/2016,LEAD TOTAL,0.012,UG/L,,7.204379
BOW RIVER ABOUT 4.5 KM ABOVE CANMORE,6/12/2016,NICKEL TOTAL,0.17,UG/L,,155.691118
BOW RIVER ABOUT 4.5 KM ABOVE CANMORE,6/12/2016,NITROGEN TOTAL,0.192,MG/L,,1
BOW RIVER ABOUT 4.5 KM ABOVE CANMORE,6/12/2016,OXYGEN DISSOLVED,12.26,MG/L,6.5,
BOW RIVER ABOUT 4.5 KM ABOVE CANMORE,6/12/2016,PHOSPHORUS TOTAL,0.002,MG/L,,0.05
BOW RIVER ABOUT 4.5 KM ABOVE CANMORE,6/12/2016,ZINC TOTAL,0.5,UG/L,,82.5255
SASKATCHEWAN RIVER ABOVE CARROT RIVER,9/1/2013,AMMONIA DISSOLVED,0.063,MG/L,,0.019
SASKATCHEWAN RIVER ABOVE CARROT RIVER,9/1/2013,ARSENIC TOTAL,0.86,UG/L,,5
SASKATCHEWAN RIVER ABOVE CARROT RIVER,9/1/2013,CHLORIDE DISSOLVED,9.53,MG/L,,120
SASKATCHEWAN RIVER ABOVE CARROT RIVER,9/1/2013,COPPER TOTAL,1.66,UG/L,,4.462086
SASKATCHEWAN RIVER ABOVE CARROT RIVER,9/1/2013,LEAD TOTAL,0.238,UG/L,,8.193036
SASKATCHEWAN RIVER ABOVE CARROT RIVER,9/1/2013,NICKEL TOTAL,1.7,UG/L,,168.114869
SASKATCHEWAN RIVER ABOVE CARROT RIVER,9/1/2013,NITROGEN TOTAL,0.587,MG/L,,1
SASKATCHEWAN RIVER ABOVE CARROT RIVER,9/1/2013,OXYGEN DISSOLVED,11.6,MG/L,6.5,
SASKATCHEWAN RIVER ABOVE CARROT RIVER,9/1/2013,PHOSPHORUS TOTAL,0.024,MG/L,,0.05
SASKATCHEWAN RIVER ABOVE CARROT RIVER,9/1/2013,ZINC TOTAL,2.1,UG/L,,97.675425
SASKATCHEWAN RIVER ABOVE CARROT RIVER,12/6/2013,AMMONIA DISSOLVED,0.032,MG/L,,0.019
SASKATCHEWAN RIVER ABOVE CARROT RIVER,12/6/2013,ARSENIC TOTAL,1.06,UG/L,,5
SASKATCHEWAN RIVER ABOVE CARROT RIVER,12/6/2013,CHLORIDE DISSOLVED,11.9,MG/L,,120
SASKATCHEWAN RIVER ABOVE CARROT RIVER,12/6/2013,COPPER TOTAL,2.28,UG/L,,4.083027
SASKATCHEWAN RIVER ABOVE CARROT RIVER,12/6/2013,LEAD TOTAL,0.134,UG/L,,7.178044
SASKATCHEWAN RIVER ABOVE CARROT RIVER,12/6/2013,NICKEL TOTAL,2.24,UG/L,,155.351094
SASKATCHEWAN RIVER ABOVE CARROT RIVER,12/6/2013,NITROGEN TOTAL,1.022,MG/L,,1
SASKATCHEWAN RIVER ABOVE CARROT RIVER,12/6/2013,OXYGEN DISSOLVED,8.47,MG/L,6.5,
SASKATCHEWAN RIVER ABOVE CARROT RIVER,12/6/2013,PHOSPHORUS TOTAL,0.032,MG/L,,0.05
SASKATCHEWAN RIVER ABOVE CARROT RIVER,12/6/2013,ZINC TOTAL,1,UG/L,,82.116075
SASKATCHEWAN RIVER ABOVE CARROT RIVER,10/7/2013,AMMONIA DISSOLVED,0.061,MG/L,,0.019
SASKATCHEWAN RIVER ABOVE CARROT RIVER,10/7/2013,ARSENIC TOTAL,1.4,UG/L,,5
SASKATCHEWAN RIVER ABOVE CARROT RIVER,10/7/2013,CHLORIDE DISSOLVED,7.19,MG/L,,120
SASKATCHEWAN RIVER ABOVE CARROT RIVER,10/7/2013,COPPER TOTAL,1.95,UG/L,,4.320451
SASKATCHEWAN RIVER ABOVE CARROT RIVER,10/7/2013,LEAD TOTAL,0.467,UG/L,,7.808634
SASKATCHEWAN RIVER ABOVE CARROT RIVER,10/7/2013,NICKEL TOTAL,2.23,UG/L,,163.360308
SASKATCHEWAN RIVER ABOVE CARROT RIVER,10/7/2013,NITROGEN TOTAL,0.935,MG/L,,1
SASKATCHEWAN RIVER ABOVE CARROT RIVER,10/7/2013,OXYGEN DISSOLVED,6.29,MG/L,6.5,
SASKATCHEWAN RIVER ABOVE CARROT RIVER,10/7/2013,PHOSPHORUS TOTAL,0.044,MG/L,,0.05
SASKATCHEWAN RIVER ABOVE CARROT RIVER,10/7/2013,ZINC TOTAL,1.8,UG/L,,91.834275
SASKATCHEWAN RIVER ABOVE CARROT RIVER,4/12/2013,AMMONIA DISSOLVED,0.051,MG/L,,0.019
SASKATCHEWAN RIVER ABOVE CARROT RIVER,4/12/2013,ARSENIC TOTAL,0.9,UG/L,,5
SASKATCHEWAN RIVER ABOVE CARROT RIVER,4/12/2013,CHLORIDE DISSOLVED,8.39,MG/L,,120
SASKATCHEWAN RIVER ABOVE CARROT RIVER,4/12/2013,COPPER TOTAL,1.18,UG/L,,4.221679
SASKATCHEWAN RIVER ABOVE CARROT RIVER,4/12/2013,LEAD TOTAL,0.126,UG/L,,7.54418
SASKATCHEWAN RIVER ABOVE CARROT RIVER,4/12/2013,NICKEL TOTAL,1.22,UG/L,,160.034414
SASKATCHEWAN RIVER ABOVE CARROT RIVER,4/12/2013,NITROGEN TOTAL,0.507,MG/L,,1
SASKATCHEWAN RIVER ABOVE CARROT RIVER,4/12/2013,OXYGEN DISSOLVED,11.47,MG/L,6.5,
SASKATCHEWAN RIVER ABOVE CARROT RIVER,4/12/2013,PHOSPHORUS TOTAL,0.02,MG/L,,0.05
SASKATCHEWAN RIVER ABOVE CARROT RIVER,4/12/2013,ZINC TOTAL,1.1,UG/L,,87.78
SASKATCHEWAN RIVER ABOVE CARROT RIVER,12/2/2014,AMMONIA DISSOLVED,0.054,MG/L,,0.019
SASKATCHEWAN RIVER ABOVE CARROT RIVER,12/2/2014,ARSENIC TOTAL,0.72,UG/L,,5
SASKATCHEWAN RIVER ABOVE CARROT RIVER,12/2/2014,CHLORIDE DISSOLVED,8.85,MG/L,,120
SASKATCHEWAN RIVER ABOVE CARROT RIVER,12/2/2014,COPPER TOTAL,1.5,UG/L,,4.596257
SASKATCHEWAN RIVER ABOVE CARROT RIVER,12/2/2014,LEAD TOTAL,0.113,UG/L,,8.562737
SASKATCHEWAN RIVER ABOVE CARROT RIVER,12/2/2014,NICKEL TOTAL,1.56,UG/L,,172.603477
SASKATCHEWAN RIVER ABOVE CARROT RIVER,12/2/2014,NITROGEN TOTAL,0.695,MG/L,,1
SASKATCHEWAN RIVER ABOVE CARROT RIVER,12/2/2014,OXYGEN DISSOLVED,11.26,MG/L,6.5,
SASKATCHEWAN RIVER ABOVE CARROT RIVER,12/2/2014,PHOSPHORUS TOTAL,0.014,MG/L,,0.05
SASKATCHEWAN RIVER ABOVE CARROT RIVER,12/2/2014,ZINC TOTAL,1.1,UG/L,,103.23795
SASKATCHEWAN RIVER ABOVE CARROT RIVER,9/12/2014,AMMONIA DISSOLVED,0.051,MG/L,,0.019
SASKATCHEWAN RIVER ABOVE CARROT RIVER,9/12/2014,ARSENIC TOTAL,0.87,UG/L,,5
SASKATCHEWAN RIVER ABOVE CARROT RIVER,9/12/2014,CHLORIDE DISSOLVED,10.7,MG/L,,120
SASKATCHEWAN RIVER ABOVE CARROT RIVER,9/12/2014,COPPER TOTAL,1.47,UG/L,,4.478362
SASKATCHEWAN RIVER ABOVE CARROT RIVER,9/12/2014,LEAD TOTAL,0.162,UG/L,,8.237597
SASKATCHEWAN RIVER ABOVE CARROT RIVER,9/12/2014,NICKEL TOTAL,1.47,UG/L,,168.660157
SASKATCHEWAN RIVER ABOVE CARROT RIVER,9/12/2014,NITROGEN TOTAL,0.451,MG/L,,1
SASKATCHEWAN RIVER ABOVE CARROT RIVER,9/12/2014,OXYGEN DISSOLVED,13.07,MG/L,6.5,
SASKATCHEWAN RIVER ABOVE CARROT RIVER,9/12/2014,PHOSPHORUS TOTAL,0.02,MG/L,,0.05
SASKATCHEWAN RIVER ABOVE CARROT RIVER,9/12/2014,ZINC TOTAL,1.1,UG/L,,98.3487
SASKATCHEWAN RIVER ABOVE CARROT RIVER,4/2/2015,AMMONIA DISSOLVED,0.05,MG/L,,0.019
SASKATCHEWAN RIVER ABOVE CARROT RIVER,4/2/2015,ARSENIC TOTAL,0.77,UG/L,,5
SASKATCHEWAN RIVER ABOVE CARROT RIVER,4/2/2015,CHLORIDE DISSOLVED,4.58,MG/L,,120
SASKATCHEWAN RIVER ABOVE CARROT RIVER,4/2/2015,COPPER TOTAL,1.35,UG/L,,4.281767
SASKATCHEWAN RIVER ABOVE CARROT RIVER,4/2/2015,LEAD TOTAL,0.124,UG/L,,7.704703
SASKATCHEWAN RIVER ABOVE CARROT RIVER,4/2/2015,NICKEL TOTAL,1.52,UG/L,,162.05872
SASKATCHEWAN RIVER ABOVE CARROT RIVER,4/2/2015,NITROGEN TOTAL,0.564,MG/L,,1
SASKATCHEWAN RIVER ABOVE CARROT RIVER,4/2/2015,OXYGEN DISSOLVED,11.69,MG/L,6.5,
SASKATCHEWAN RIVER ABOVE CARROT RIVER,4/2/2015,PHOSPHORUS TOTAL,0.0157,MG/L,,0.05
SASKATCHEWAN RIVER ABOVE CARROT RIVER,4/2/2015,ZINC TOTAL,1,UG/L,,90.2445
SASKATCHEWAN RIVER ABOVE CARROT RIVER,11/3/2015,AMMONIA DISSOLVED,0.034,MG/L,,0.019
SASKATCHEWAN RIVER ABOVE CARROT RIVER,11/3/2015,ARSENIC TOTAL,0.76,UG/L,,5
SASKATCHEWAN RIVER ABOVE CARROT RIVER,11/3/2015,CHLORIDE DISSOLVED,9.55,MG/L,,120
SASKATCHEWAN RIVER ABOVE CARROT RIVER,11/3/2015,COPPER TOTAL,1.35,UG/L,,4.356229
SASKATCHEWAN RIVER ABOVE CARROT RIVER,11/3/2015,LEAD TOTAL,0.143,UG/L,,7.905162
SASKATCHEWAN RIVER ABOVE CARROT RIVER,11/3/2015,NICKEL TOTAL,1.61,UG/L,,164.562945
SASKATCHEWAN RIVER ABOVE CARROT RIVER,11/3/2015,NITROGEN TOTAL,0.604,MG/L,,1
SASKATCHEWAN RIVER ABOVE CARROT RIVER,11/3/2015,OXYGEN DISSOLVED,9.52,MG/L,6.5,
SASKATCHEWAN RIVER ABOVE CARROT RIVER,11/3/2015,PHOSPHORUS TOTAL,0.0154,MG/L,,0.05
SASKATCHEWAN RIVER ABOVE CARROT RIVER,11/3/2015,ZINC TOTAL,1.2,UG/L,,93.30675
SASKATCHEWAN RIVER ABOVE CARROT RIVER,10/6/2015,AMMONIA DISSOLVED,0.015,MG/L,,0.019
SASKATCHEWAN RIVER ABOVE CARROT RIVER,10/6/2015,ARSENIC TOTAL,1.08,UG/L,,5
SASKATCHEWAN RIVER ABOVE CARROT RIVER,10/6/2015,CHLORIDE DISSOLVED,10.4,MG/L,,120
SASKATCHEWAN RIVER ABOVE CARROT RIVER,10/6/2015,COPPER TOTAL,2.1,UG/L,,3.625572
SASKATCHEWAN RIVER ABOVE CARROT RIVER,10/6/2015,LEAD TOTAL,0.379,UG/L,,6.013481
SASKATCHEWAN RIVER ABOVE CARROT RIVER,10/6/2015,NICKEL TOTAL,2.11,UG/L,,139.770566
SASKATCHEWAN RIVER ABOVE CARROT RIVER,10/6/2015,NITROGEN TOTAL,0.498,MG/L,,1
SASKATCHEWAN RIVER ABOVE CARROT RIVER,10/6/2015,OXYGEN DISSOLVED,8.91,MG/L,6.5,
SASKATCHEWAN RIVER ABOVE CARROT RIVER,10/6/2015,PHOSPHORUS TOTAL,0.0428,MG/L,,0.05
SASKATCHEWAN RIVER ABOVE CARROT RIVER,10/6/2015,ZINC TOTAL,2.3,UG/L,,63.666
SASKATCHEWAN RIVER ABOVE CARROT RIVER,9/12/2015,AMMONIA DISSOLVED,0.021,MG/L,,0.019
SASKATCHEWAN RIVER ABOVE CARROT RIVER,9/12/2015,ARSENIC TOTAL,0.95,UG/L,,5
SASKATCHEWAN RIVER ABOVE CARROT RIVER,9/12/2015,CHLORIDE DISSOLVED,8.75,MG/L,,120
SASKATCHEWAN RIVER ABOVE CARROT RIVER,9/12/2015,COPPER TOTAL,1.11,UG/L,,4.260937
SASKATCHEWAN RIVER ABOVE CARROT RIVER,9/12/2015,LEAD TOTAL,0.187,UG/L,,7.648931
SASKATCHEWAN RIVER ABOVE CARROT RIVER,9/12/2015,NICKEL TOTAL,1.32,UG/L,,161.357344
SASKATCHEWAN RIVER ABOVE CARROT RIVER,9/12/2015,NITROGEN TOTAL,0.293,MG/L,,1
SASKATCHEWAN RIVER ABOVE CARROT RIVER,9/12/2015,OXYGEN DISSOLVED,12.9,MG/L,6.5,
SASKATCHEWAN RIVER ABOVE CARROT RIVER,9/12/2015,PHOSPHORUS TOTAL,0.0189,MG/L,,0.05
SASKATCHEWAN RIVER ABOVE CARROT RIVER,9/12/2015,ZINC TOTAL,1.2,UG/L,,89.3895
SASKATCHEWAN RIVER ABOVE CARROT RIVER,13/01/2016,AMMONIA DISSOLVED,0.036,MG/L,,0.019
SASKATCHEWAN RIVER ABOVE CARROT RIVER,13/01/2016,ARSENIC TOTAL,0.81,UG/L,,5
SASKATCHEWAN RIVER ABOVE CARROT RIVER,13/01/2016,CHLORIDE DISSOLVED,9.82,MG/L,,120
SASKATCHEWAN RIVER ABOVE CARROT RIVER,13/01/2016,COPPER TOTAL,1.22,UG/L,,4.450333
SASKATCHEWAN RIVER ABOVE CARROT RIVER,13/01/2016,LEAD TOTAL,0.175,UG/L,,8.160907
SASKATCHEWAN RIVER ABOVE CARROT RIVER,13/01/2016,NICKEL TOTAL,1.51,UG/L,,167.720969
SASKATCHEWAN RIVER ABOVE CARROT RIVER,13/01/2016,NITROGEN TOTAL,0.475,MG/L,,1
SASKATCHEWAN RIVER ABOVE CARROT RIVER,13/01/2016,OXYGEN DISSOLVED,11.74,MG/L,6.5,
SASKATCHEWAN RIVER ABOVE CARROT RIVER,13/01/2016,PHOSPHORUS TOTAL,0.0191,MG/L,,0.05
SASKATCHEWAN RIVER ABOVE CARROT RIVER,13/01/2016,ZINC TOTAL,1.3,UG/L,,97.1895
SASKATCHEWAN RIVER ABOVE CARROT RIVER,9/2/2016,AMMONIA DISSOLVED,0.034,MG/L,,0.019
SASKATCHEWAN RIVER ABOVE CARROT RIVER,9/2/2016,ARSENIC TOTAL,0.72,UG/L,,5
SASKATCHEWAN RIVER ABOVE CARROT RIVER,9/2/2016,CHLORIDE DISSOLVED,12.4,MG/L,,120
SASKATCHEWAN RIVER ABOVE CARROT RIVER,9/2/2016,COPPER TOTAL,1.18,UG/L,,4.622561
SASKATCHEWAN RIVER ABOVE CARROT RIVER,9/2/2016,LEAD TOTAL,0.196,UG/L,,8.635843
SASKATCHEWAN RIVER ABOVE CARROT RIVER,9/2/2016,NICKEL TOTAL,1.64,UG/L,,173.481754
SASKATCHEWAN RIVER ABOVE CARROT RIVER,9/2/2016,NITROGEN TOTAL,0.573,MG/L,,1
SASKATCHEWAN RIVER ABOVE CARROT RIVER,9/2/2016,OXYGEN DISSOLVED,11.74,MG/L,6.5,
SASKATCHEWAN RIVER ABOVE CARROT RIVER,9/2/2016,PHOSPHORUS TOTAL,0.0212,MG/L,,0.05
SASKATCHEWAN RIVER ABOVE CARROT RIVER,9/2/2016,ZINC TOTAL,1.4,UG/L,,104.33175
SASKATCHEWAN RIVER ABOVE CARROT RIVER,1/3/2016,AMMONIA DISSOLVED,0.036,MG/L,,0.019
SASKATCHEWAN RIVER ABOVE CARROT RIVER,1/3/2016,ARSENIC TOTAL,0.73,UG/L,,5
SASKATCHEWAN RIVER ABOVE CARROT RIVER,1/3/2016,CHLORIDE DISSOLVED,9.82,MG/L,,120
SASKATCHEWAN RIVER ABOVE CARROT RIVER,1/3/2016,COPPER TOTAL,1.21,UG/L,,4.634961
SASKATCHEWAN RIVER ABOVE CARROT RIVER,1/3/2016,LEAD TOTAL,0.185,UG/L,,8.670377
SASKATCHEWAN RIVER ABOVE CARROT RIVER,1/3/2016,NICKEL TOTAL,1.64,UG/L,,173.895593
SASKATCHEWAN RIVER ABOVE CARROT RIVER,1/3/2016,NITROGEN TOTAL,0.555,MG/L,,1
SASKATCHEWAN RIVER ABOVE CARROT RIVER,1/3/2016,OXYGEN DISSOLVED,11.72,MG/L,6.5,
SASKATCHEWAN RIVER ABOVE CARROT RIVER,1/3/2016,PHOSPHORUS TOTAL,0.016,MG/L,,0.05
SASKATCHEWAN RIVER ABOVE CARROT RIVER,1/3/2016,ZINC TOTAL,2.5,UG/L,,104.84775
SASKATCHEWAN RIVER ABOVE CARROT RIVER,27/04/2016,AMMONIA DISSOLVED,0.015,MG/L,,0.019
SASKATCHEWAN RIVER ABOVE CARROT RIVER,27/04/2016,ARSENIC TOTAL,0.94,UG/L,,5
SASKATCHEWAN RIVER ABOVE CARROT RIVER,27/04/2016,CHLORIDE DISSOLVED,7.41,MG/L,,120
SASKATCHEWAN RIVER ABOVE CARROT RIVER,27/04/2016,COPPER TOTAL,1.87,UG/L,,3.53306
SASKATCHEWAN RIVER ABOVE CARROT RIVER,27/04/2016,LEAD TOTAL,0.624,UG/L,,5.786322
SASKATCHEWAN RIVER ABOVE CARROT RIVER,27/04/2016,NICKEL TOTAL,2.24,UG/L,,136.59401
SASKATCHEWAN RIVER ABOVE CARROT RIVER,27/04/2016,NITROGEN TOTAL,1.374,MG/L,,1
SASKATCHEWAN RIVER ABOVE CARROT RIVER,27/04/2016,OXYGEN DISSOLVED,12.49,MG/L,6.5,
SASKATCHEWAN RIVER ABOVE CARROT RIVER,27/04/2016,PHOSPHORUS TOTAL,0.0554,MG/L,,0.05
SASKATCHEWAN RIVER ABOVE CARROT RIVER,27/04/2016,ZINC TOTAL,4.1,UG/L,,59.98125
SASKATCHEWAN RIVER ABOVE CARROT RIVER,18/05/2016,AMMONIA DISSOLVED,0.025,MG/L,,0.019
SASKATCHEWAN RIVER ABOVE CARROT RIVER,18/05/2016,ARSENIC TOTAL,1.12,UG/L,,5
SASKATCHEWAN RIVER ABOVE CARROT RIVER,18/05/2016,CHLORIDE DISSOLVED,7.45,MG/L,,120
SASKATCHEWAN RIVER ABOVE CARROT RIVER,18/05/2016,COPPER TOTAL,2.23,UG/L,,3.225435
SASKATCHEWAN RIVER ABOVE CARROT RIVER,18/05/2016,LEAD TOTAL,0.732,UG/L,,5.052004
SASKATCHEWAN RIVER ABOVE CARROT RIVER,18/05/2016,NICKEL TOTAL,2.38,UG/L,,125.963352
SASKATCHEWAN RIVER ABOVE CARROT RIVER,18/05/2016,NITROGEN TOTAL,0.634,MG/L,,1
SASKATCHEWAN RIVER ABOVE CARROT RIVER,18/05/2016,OXYGEN DISSOLVED,10.73,MG/L,6.5,
SASKATCHEWAN RIVER ABOVE CARROT RIVER,18/05/2016,PHOSPHORUS TOTAL,0.0661,MG/L,,0.05
SASKATCHEWAN RIVER ABOVE CARROT RIVER,18/05/2016,ZINC TOTAL,4.7,UG/L,,47.8485
SASKATCHEWAN RIVER ABOVE CARROT RIVER,28/06/2016,AMMONIA DISSOLVED,0.017,MG/L,,0.019
SASKATCHEWAN RIVER ABOVE CARROT RIVER,28/06/2016,ARSENIC TOTAL,1.24,UG/L,,5
SASKATCHEWAN RIVER ABOVE CARROT RIVER,28/06/2016,CHLORIDE DISSOLVED,8.36,MG/L,,120
SASKATCHEWAN RIVER ABOVE CARROT RIVER,28/06/2016,COPPER TOTAL,2.39,UG/L,,3.655106
SASKATCHEWAN RIVER ABOVE CARROT RIVER,28/06/2016,LEAD TOTAL,0.667,UG/L,,6.086605
SASKATCHEWAN RIVER ABOVE CARROT RIVER,28/06/2016,NICKEL TOTAL,2.53,UG/L,,140.782782
SASKATCHEWAN RIVER ABOVE CARROT RIVER,28/06/2016,NITROGEN TOTAL,0.462,MG/L,,1
SASKATCHEWAN RIVER ABOVE CARROT RIVER,28/06/2016,OXYGEN DISSOLVED,7.96,MG/L,6.5,
SASKATCHEWAN RIVER ABOVE CARROT RIVER,28/06/2016,PHOSPHORUS TOTAL,0.0477,MG/L,,0.05
SASKATCHEWAN RIVER ABOVE CARROT RIVER,28/06/2016,ZINC TOTAL,4.1,UG/L,,64.84575
SASKATCHEWAN RIVER ABOVE CARROT RIVER,13/07/2016,AMMONIA DISSOLVED,0.028,MG/L,,0.019
SASKATCHEWAN RIVER ABOVE CARROT RIVER,13/07/2016,ARSENIC TOTAL,1.58,UG/L,,5
SASKATCHEWAN RIVER ABOVE CARROT RIVER,13/07/2016,CHLORIDE DISSOLVED,7.65,MG/L,,120
SASKATCHEWAN RIVER ABOVE CARROT RIVER,13/07/2016,COPPER TOTAL,2.97,UG/L,,3.520714
SASKATCHEWAN RIVER ABOVE CARROT RIVER,13/07/2016,LEAD TOTAL,1.07,UG/L,,5.756226
SASKATCHEWAN RIVER ABOVE CARROT RIVER,13/07/2016,NICKEL TOTAL,3.26,UG/L,,136.169406
SASKATCHEWAN RIVER ABOVE CARROT RIVER,13/07/2016,NITROGEN TOTAL,0.647,MG/L,,1
SASKATCHEWAN RIVER ABOVE CARROT RIVER,13/07/2016,OXYGEN DISSOLVED,8.09,MG/L,6.5,
SASKATCHEWAN RIVER ABOVE CARROT RIVER,13/07/2016,PHOSPHORUS TOTAL,0.074,MG/L,,0.05
SASKATCHEWAN RIVER ABOVE CARROT RIVER,13/07/2016,ZINC TOTAL,6.4,UG/L,,59.49075
SASKATCHEWAN RIVER ABOVE CARROT RIVER,17/08/2016,AMMONIA DISSOLVED,0.021,MG/L,,0.019
SASKATCHEWAN RIVER ABOVE CARROT RIVER,17/08/2016,ARSENIC TOTAL,1.78,UG/L,,5
SASKATCHEWAN RIVER ABOVE CARROT RIVER,17/08/2016,CHLORIDE DISSOLVED,7.64,MG/L,,120
SASKATCHEWAN RIVER ABOVE CARROT RIVER,17/08/2016,COPPER TOTAL,2.22,UG/L,,3.515993
SASKATCHEWAN RIVER ABOVE CARROT RIVER,17/08/2016,LEAD TOTAL,0.748,UG/L,,5.74473
SASKATCHEWAN RIVER ABOVE CARROT RIVER,17/08/2016,NICKEL TOTAL,2.4,UG/L,,136.006985
SASKATCHEWAN RIVER ABOVE CARROT RIVER,17/08/2016,NITROGEN TOTAL,0.6,MG/L,,1
SASKATCHEWAN RIVER ABOVE CARROT RIVER,17/08/2016,OXYGEN DISSOLVED,8.09,MG/L,6.5,
SASKATCHEWAN RIVER ABOVE CARROT RIVER,17/08/2016,PHOSPHORUS TOTAL,0.0624,MG/L,,0.05
SASKATCHEWAN RIVER ABOVE CARROT RIVER,17/08/2016,ZINC TOTAL,4.1,UG/L,,59.30325
SASKATCHEWAN RIVER ABOVE CARROT RIVER,14/09/2016,AMMONIA DISSOLVED,0.016,MG/L,,0.019
SASKATCHEWAN RIVER ABOVE CARROT RIVER,14/09/2016,ARSENIC TOTAL,2.5,UG/L,,5
SASKATCHEWAN RIVER ABOVE CARROT RIVER,14/09/2016,CHLORIDE DISSOLVED,8.28,MG/L,,120
SASKATCHEWAN RIVER ABOVE CARROT RIVER,14/09/2016,COPPER TOTAL,4.06,UG/L,,3.50821
SASKATCHEWAN RIVER ABOVE CARROT RIVER,14/09/2016,LEAD TOTAL,1.84,UG/L,,5.725796
SASKATCHEWAN RIVER ABOVE CARROT RIVER,14/09/2016,NICKEL TOTAL,5.16,UG/L,,135.739182
SASKATCHEWAN RIVER ABOVE CARROT RIVER,14/09/2016,NITROGEN TOTAL,0.773,MG/L,,1
SASKATCHEWAN RIVER ABOVE CARROT RIVER,14/09/2016,OXYGEN DISSOLVED,9.48,MG/L,6.5,
SASKATCHEWAN RIVER ABOVE CARROT RIVER,14/09/2016,PHOSPHORUS TOTAL,0.12,MG/L,,0.05
SASKATCHEWAN RIVER ABOVE CARROT RIVER,14/09/2016,ZINC TOTAL,11.5,UG/L,,58.99425
SASKATCHEWAN RIVER ABOVE CARROT RIVER,19/10/2016,AMMONIA DISSOLVED,0.013,MG/L,,0.019
SASKATCHEWAN RIVER ABOVE CARROT RIVER,19/10/2016,ARSENIC TOTAL,1.81,UG/L,,5
SASKATCHEWAN RIVER ABOVE CARROT RIVER,19/10/2016,CHLORIDE DISSOLVED,7.57,MG/L,,120
SASKATCHEWAN RIVER ABOVE CARROT RIVER,19/10/2016,COPPER TOTAL,3.69,UG/L,,3.089509
SASKATCHEWAN RIVER ABOVE CARROT RIVER,19/10/2016,LEAD TOTAL,1.61,UG/L,,4.73813
SASKATCHEWAN RIVER ABOVE CARROT RIVER,19/10/2016,NICKEL TOTAL,4.21,UG/L,,121.230913
SASKATCHEWAN RIVER ABOVE CARROT RIVER,19/10/2016,NITROGEN TOTAL,0.659,MG/L,,1
SASKATCHEWAN RIVER ABOVE CARROT RIVER,19/10/2016,OXYGEN DISSOLVED,12.72,MG/L,6.5,
SASKATCHEWAN RIVER ABOVE CARROT RIVER,19/10/2016,PHOSPHORUS TOTAL,0.117,MG/L,,0.05
SASKATCHEWAN RIVER ABOVE CARROT RIVER,19/10/2016,ZINC TOTAL,9.5,UG/L,,42.549
SASKATCHEWAN RIVER ABOVE CARROT RIVER,8/11/2016,AMMONIA DISSOLVED,0.012,MG/L,,0.019
SASKATCHEWAN RIVER ABOVE CARROT RIVER,8/11/2016,ARSENIC TOTAL,1.11,UG/L,,5
SASKATCHEWAN RIVER ABOVE CARROT RIVER,8/11/2016,CHLORIDE DISSOLVED,5.89,MG/L,,120
SASKATCHEWAN RIVER ABOVE CARROT RIVER,8/11/2016,COPPER TOTAL,1.96,UG/L,,3.34253
SASKATCHEWAN RIVER ABOVE CARROT RIVER,8/11/2016,LEAD TOTAL,0.549,UG/L,,5.32765
SASKATCHEWAN RIVER ABOVE CARROT RIVER,8/11/2016,NICKEL TOTAL,2.12,UG/L,,130.022506
SASKATCHEWAN RIVER ABOVE CARROT RIVER,8/11/2016,NITROGEN TOTAL,0.702,MG/L,,1
SASKATCHEWAN RIVER ABOVE CARROT RIVER,8/11/2016,OXYGEN DISSOLVED,12.11,MG/L,6.5,
SASKATCHEWAN RIVER ABOVE CARROT RIVER,8/11/2016,PHOSPHORUS TOTAL,0.0487,MG/L,,0.05
SASKATCHEWAN RIVER ABOVE CARROT RIVER,8/11/2016,ZINC TOTAL,3.2,UG/L,,52.4445
SASKATCHEWAN RIVER ABOVE CARROT RIVER,14/12/2016,AMMONIA DISSOLVED,0.023,MG/L,,0.019
SASKATCHEWAN RIVER ABOVE CARROT RIVER,14/12/2016,ARSENIC TOTAL,0.85,UG/L,,5
SASKATCHEWAN RIVER ABOVE CARROT RIVER,14/12/2016,CHLORIDE DISSOLVED,8.91,MG/L,,120
SASKATCHEWAN RIVER ABOVE CARROT RIVER,14/12/2016,COPPER TOTAL,1.28,UG/L,,3.899645
SASKATCHEWAN RIVER ABOVE CARROT RIVER,14/12/2016,LEAD TOTAL,0.112,UG/L,,6.703084
SASKATCHEWAN RIVER ABOVE CARROT RIVER,14/12/2016,NICKEL TOTAL,1.15,UG/L,,149.12972
SASKATCHEWAN RIVER ABOVE CARROT RIVER,14/12/2016,NITROGEN TOTAL,0.601,MG/L,,1
SASKATCHEWAN RIVER ABOVE CARROT RIVER,14/12/2016,OXYGEN DISSOLVED,13.16,MG/L,6.5,
SASKATCHEWAN RIVER ABOVE CARROT RIVER,14/12/2016,PHOSPHORUS TOTAL,0.0182,MG/L,,0.05
SASKATCHEWAN RIVER ABOVE CARROT RIVER,14/12/2016,ZINC TOTAL,0.9,UG/L,,74.67525
SASKATCHEWAN RIVER ABOVE CARROT RIVER,27/04/2016,PH,7.98,PH UNITS,6.5,9
SASKATCHEWAN RIVER ABOVE CARROT RIVER,27/04/2016,PHOSPHORUS TOTAL,0.0554,MG/L,,0.05
SASKATCHEWAN RIVER ABOVE CARROT RIVER,27/04/2016,ZINC TOTAL,4.1,UG/L,,59.98125
SASKATCHEWAN RIVER ABOVE CARROT RIVER,18/05/2016,AMMONIA DISSOLVED,0.025,MG/L,,0.019
SASKATCHEWAN RIVER ABOVE CARROT RIVER,18/05/2016,ARSENIC TOTAL,1.12,UG/L,,5
SASKATCHEWAN RIVER ABOVE CARROT RIVER,18/05/2016,CHLORIDE DISSOLVED,7.45,MG/L,,120
SASKATCHEWAN RIVER ABOVE CARROT RIVER,18/05/2016,COPPER TOTAL,2.23,UG/L,,3.225435
SASKATCHEWAN RIVER ABOVE CARROT RIVER,18/05/2016,LEAD TOTAL,0.732,UG/L,,5.052004
SASKATCHEWAN RIVER ABOVE CARROT RIVER,18/05/2016,NICKEL TOTAL,2.38,UG/L,,125.963352
SASKATCHEWAN RIVER ABOVE CARROT RIVER,18/05/2016,NITROGEN TOTAL,0.634,MG/L,,1
SASKATCHEWAN RIVER ABOVE CARROT RIVER,18/05/2016,OXYGEN DISSOLVED,10.73,MG/L,6.5,
SASKATCHEWAN RIVER ABOVE CARROT RIVER,18/05/2016,PH,8.36,PH UNITS,6.5,9
SASKATCHEWAN RIVER ABOVE CARROT RIVER,18/05/2016,PHOSPHORUS TOTAL,0.0661,MG/L,,0.05
SASKATCHEWAN RIVER ABOVE CARROT RIVER,18/05/2016,ZINC TOTAL,4.7,UG/L,,47.8485
SASKATCHEWAN RIVER ABOVE CARROT RIVER,28/06/2016,AMMONIA DISSOLVED,0.017,MG/L,,0.019
SASKATCHEWAN RIVER ABOVE CARROT RIVER,28/06/2016,ARSENIC TOTAL,1.24,UG/L,,5
SASKATCHEWAN RIVER ABOVE CARROT RIVER,28/06/2016,CHLORIDE DISSOLVED,8.36,MG/L,,120
SASKATCHEWAN RIVER ABOVE CARROT RIVER,28/06/2016,COPPER TOTAL,2.39,UG/L,,3.655106
SASKATCHEWAN RIVER ABOVE CARROT RIVER,28/06/2016,LEAD TOTAL,0.667,UG/L,,6.086605
SASKATCHEWAN RIVER ABOVE CARROT RIVER,28/06/2016,NICKEL TOTAL,2.53,UG/L,,140.782782
SASKATCHEWAN RIVER ABOVE CARROT RIVER,28/06/2016,NITROGEN TOTAL,0.462,MG/L,,1
SASKATCHEWAN RIVER ABOVE CARROT RIVER,28/06/2016,OXYGEN DISSOLVED,7.96,MG/L,6.5,
SASKATCHEWAN RIVER ABOVE CARROT RIVER,28/06/2016,PH,8.24,PH UNITS,6.5,9
SASKATCHEWAN RIVER ABOVE CARROT RIVER,28/06/2016,PHOSPHORUS TOTAL,0.0477,MG/L,,0.05
SASKATCHEWAN RIVER ABOVE CARROT RIVER,28/06/2016,ZINC TOTAL,4.1,UG/L,,64.84575
SASKATCHEWAN RIVER ABOVE CARROT RIVER,13/07/2016,AMMONIA DISSOLVED,0.028,MG/L,,0.019
SASKATCHEWAN RIVER ABOVE CARROT RIVER,13/07/2016,ARSENIC TOTAL,1.58,UG/L,,5
SASKATCHEWAN RIVER ABOVE CARROT RIVER,13/07/2016,CHLORIDE DISSOLVED,7.65,MG/L,,120
SASKATCHEWAN RIVER ABOVE CARROT RIVER,13/07/2016,COPPER TOTAL,2.97,UG/L,,3.520714
SASKATCHEWAN RIVER ABOVE CARROT RIVER,13/07/2016,LEAD TOTAL,1.07,UG/L,,5.756226
SASKATCHEWAN RIVER ABOVE CARROT RIVER,13/07/2016,NICKEL TOTAL,3.26,UG/L,,136.169406
SASKATCHEWAN RIVER ABOVE CARROT RIVER,13/07/2016,NITROGEN TOTAL,0.647,MG/L,,1
SASKATCHEWAN RIVER ABOVE CARROT RIVER,13/07/2016,OXYGEN DISSOLVED,8.09,MG/L,6.5,
SASKATCHEWAN RIVER ABOVE CARROT RIVER,13/07/2016,PH,8.28,PH UNITS,6.5,9
SASKATCHEWAN RIVER ABOVE CARROT RIVER,13/07/2016,PHOSPHORUS TOTAL,0.074,MG/L,,0.05
SASKATCHEWAN RIVER ABOVE CARROT RIVER,13/07/2016,ZINC TOTAL,6.4,UG/L,,59.49075
SASKATCHEWAN RIVER ABOVE CARROT RIVER,17/08/2016,AMMONIA DISSOLVED,0.021,MG/L,,0.019
SASKATCHEWAN RIVER ABOVE CARROT RIVER,17/08/2016,ARSENIC TOTAL,1.78,UG/L,,5
SASKATCHEWAN RIVER ABOVE CARROT RIVER,17/08/2016,CHLORIDE DISSOLVED,7.64,MG/L,,120
SASKATCHEWAN RIVER ABOVE CARROT RIVER,17/08/2016,COPPER TOTAL,2.22,UG/L,,3.515993
SASKATCHEWAN RIVER ABOVE CARROT RIVER,17/08/2016,LEAD TOTAL,0.748,UG/L,,5.74473
SASKATCHEWAN RIVER ABOVE CARROT RIVER,17/08/2016,NICKEL TOTAL,2.4,UG/L,,136.006985
SASKATCHEWAN RIVER ABOVE CARROT RIVER,17/08/2016,NITROGEN TOTAL,0.6,MG/L,,1
SASKATCHEWAN RIVER ABOVE CARROT RIVER,17/08/2016,OXYGEN DISSOLVED,8.09,MG/L,6.5,
SASKATCHEWAN RIVER ABOVE CARROT RIVER,17/08/2016,PH,8.16,PH UNITS,6.5,9
SASKATCHEWAN RIVER ABOVE CARROT RIVER,17/08/2016,PHOSPHORUS TOTAL,0.0624,MG/L,,0.05
SASKATCHEWAN RIVER ABOVE CARROT RIVER,17/08/2016,ZINC TOTAL,4.1,UG/L,,59.30325
SASKATCHEWAN RIVER ABOVE CARROT RIVER,14/09/2016,AMMONIA DISSOLVED,0.016,MG/L,,0.019
SASKATCHEWAN RIVER ABOVE CARROT RIVER,14/09/2016,ARSENIC TOTAL,2.5,UG/L,,5
SASKATCHEWAN RIVER ABOVE CARROT RIVER,14/09/2016,CHLORIDE DISSOLVED,8.28,MG/L,,120
SASKATCHEWAN RIVER ABOVE CARROT RIVER,14/09/2016,COPPER TOTAL,4.06,UG/L,,3.50821
SASKATCHEWAN RIVER ABOVE CARROT RIVER,14/09/2016,LEAD TOTAL,1.84,UG/L,,5.725796
SASKATCHEWAN RIVER ABOVE CARROT RIVER,14/09/2016,NICKEL TOTAL,5.16,UG/L,,135.739182
SASKATCHEWAN RIVER ABOVE CARROT RIVER,14/09/2016,NITROGEN TOTAL,0.773,MG/L,,1
SASKATCHEWAN RIVER ABOVE CARROT RIVER,14/09/2016,OXYGEN DISSOLVED,9.48,MG/L,6.5,
SASKATCHEWAN RIVER ABOVE CARROT RIVER,14/09/2016,PH,8.29,PH UNITS,6.5,9
SASKATCHEWAN RIVER ABOVE CARROT RIVER,14/09/2016,PHOSPHORUS TOTAL,0.12,MG/L,,0.05
SASKATCHEWAN RIVER ABOVE CARROT RIVER,14/09/2016,ZINC TOTAL,11.5,UG/L,,58.99425
SASKATCHEWAN RIVER ABOVE CARROT RIVER,19/10/2016,AMMONIA DISSOLVED,0.013,MG/L,,0.019
SASKATCHEWAN RIVER ABOVE CARROT RIVER,19/10/2016,ARSENIC TOTAL,1.81,UG/L,,5
SASKATCHEWAN RIVER ABOVE CARROT RIVER,19/10/2016,CHLORIDE DISSOLVED,7.57,MG/L,,120
SASKATCHEWAN RIVER ABOVE CARROT RIVER,19/10/2016,COPPER TOTAL,3.69,UG/L,,3.089509
SASKATCHEWAN RIVER ABOVE CARROT RIVER,19/10/2016,LEAD TOTAL,1.61,UG/L,,4.73813
SASKATCHEWAN RIVER ABOVE CARROT RIVER,19/10/2016,NICKEL TOTAL,4.21,UG/L,,121.230913
SASKATCHEWAN RIVER ABOVE CARROT RIVER,19/10/2016,NITROGEN TOTAL,0.659,MG/L,,1
SASKATCHEWAN RIVER ABOVE CARROT RIVER,19/10/2016,OXYGEN DISSOLVED,12.72,MG/L,6.5,
SASKATCHEWAN RIVER ABOVE CARROT RIVER,19/10/2016,PH,8.06,PH UNITS,6.5,9
SASKATCHEWAN RIVER ABOVE CARROT RIVER,19/10/2016,PHOSPHORUS TOTAL,0.117,MG/L,,0.05
SASKATCHEWAN RIVER ABOVE CARROT RIVER,19/10/2016,ZINC TOTAL,9.5,UG/L,,42.549
SASKATCHEWAN RIVER ABOVE CARROT RIVER,8/11/2016,AMMONIA DISSOLVED,0.012,MG/L,,0.019
SASKATCHEWAN RIVER ABOVE CARROT RIVER,8/11/2016,ARSENIC TOTAL,1.11,UG/L,,5
SASKATCHEWAN RIVER ABOVE CARROT RIVER,8/11/2016,CHLORIDE DISSOLVED,5.89,MG/L,,120
SASKATCHEWAN RIVER ABOVE CARROT RIVER,8/11/2016,COPPER TOTAL,1.96,UG/L,,3.34253
SASKATCHEWAN RIVER ABOVE CARROT RIVER,8/11/2016,LEAD TOTAL,0.549,UG/L,,5.32765
SASKATCHEWAN RIVER ABOVE CARROT RIVER,8/11/2016,NICKEL TOTAL,2.12,UG/L,,130.022506
SASKATCHEWAN RIVER ABOVE CARROT RIVER,8/11/2016,NITROGEN TOTAL,0.702,MG/L,,1
SASKATCHEWAN RIVER ABOVE CARROT RIVER,8/11/2016,OXYGEN DISSOLVED,12.11,MG/L,6.5,
SASKATCHEWAN RIVER ABOVE CARROT RIVER,8/11/2016,PH,8.01,PH UNITS,6.5,9
SASKATCHEWAN RIVER ABOVE CARROT RIVER,8/11/2016,PHOSPHORUS TOTAL,0.0487,MG/L,,0.05
SASKATCHEWAN RIVER ABOVE CARROT RIVER,8/11/2016,ZINC TOTAL,3.2,UG/L,,52.4445
SASKATCHEWAN RIVER ABOVE CARROT RIVER,14/12/2016,AMMONIA DISSOLVED,0.023,MG/L,,0.019
SASKATCHEWAN RIVER ABOVE CARROT RIVER,14/12/2016,ARSENIC TOTAL,0.85,UG/L,,5
SASKATCHEWAN RIVER ABOVE CARROT RIVER,14/12/2016,CHLORIDE DISSOLVED,8.91,MG/L,,120
SASKATCHEWAN RIVER ABOVE CARROT RIVER,14/12/2016,COPPER TOTAL,1.28,UG/L,,3.899645
SASKATCHEWAN RIVER ABOVE CARROT RIVER,14/12/2016,LEAD TOTAL,0.112,UG/L,,6.703084
SASKATCHEWAN RIVER ABOVE CARROT RIVER,14/12/2016,NICKEL TOTAL,1.15,UG/L,,149.12972
SASKATCHEWAN RIVER ABOVE CARROT RIVER,14/12/2016,NITROGEN TOTAL,0.601,MG/L,,1
SASKATCHEWAN RIVER ABOVE CARROT RIVER,14/12/2016,OXYGEN DISSOLVED,13.16,MG/L,6.5,
SASKATCHEWAN RIVER ABOVE CARROT RIVER,14/12/2016,PH,7.75,PH UNITS,6.5,9
SASKATCHEWAN RIVER ABOVE CARROT RIVER,14/12/2016,PHOSPHORUS TOTAL,0.0182,MG/L,,0.05
SASKATCHEWAN RIVER ABOVE CARROT RIVER,14/12/2016,ZINC TOTAL,0.9,UG/L,,74.67525
